timestamp,flow_id,src_ip,dst_ip,src_port,dst_port,protocol,packet_size,flow_duration,traffic_rate,true_label,bytes_per_second,is_high_port,size_category,rate_category,duration_category,classified_label,matched_rule,confidence,is_correct,qos_priority,qos_priority_name,dscp_value,dscp_name,ieee_8021p,scheduling_class,bandwidth_guarantee,max_delay_ms,max_jitter_ms,packet_loss_tolerance
2026-04-15 14:10:00.455,FLOW-36772,192.168.1.61,2.42.213.238,56317,80,TCP,307,1.693,381.84,web,117.22,0,medium,medium,short,web,HTTP Web,HIGH,YES,4,MEDIUM,26,AF31 (Assured Forwarding 3-1),3,Weighted Fair Queuing (WFQ),25%,1000,500,< 3%
2026-04-15 14:10:00.828,FLOW-50248,192.168.0.161,31.6.190.35,1921,554,UDP,1127,98.268,6634.65,multimedia,7477.25,0,large,high,long,multimedia,Video Streaming (RTSP),HIGH,YES,2,HIGH,34,AF41 (Assured Forwarding 4-1),5,Weighted Fair Queuing (WFQ),30%,400,100,< 2%
2026-04-15 14:10:00.738,FLOW-29179,192.168.0.86,92.136.209.99,31648,8080,TCP,1246,1.908,115.07,web,143.38,1,large,medium,short,web,HTTP Alt,HIGH,YES,4,MEDIUM,26,AF31 (Assured Forwarding 3-1),3,Weighted Fair Queuing (WFQ),25%,1000,500,< 3%
2026-04-15 14:10:00.167,FLOW-30561,10.0.0.247,172.16.0.165,49983,68,ICMP,120,0.361,5.23,background,0.63,0,small,low,short,background,ICMP,HIGH,YES,6,BEST EFFORT,0,BE (Best Effort / Default),0,Best Effort (FIFO),5%,10000,5000,< 10%
2026-04-15 14:10:00.721,FLOW-39349,192.168.1.138,146.175.205.101,61299,5061,UDP,184,94.604,64.51,voip,11.87,1,small,low,long,voip,VoIP (SIP/RTP),HIGH,YES,1,CRITICAL,46,EF (Expedited Forwarding),6,Priority Queue (PQ),10%,150,30,< 1%
2026-04-15 14:10:00.289,FLOW-79344,192.168.0.210,132.28.104.66,10097,80,TCP,601,0.534,207.99,web,125.0,0,medium,medium,short,web,HTTP Web,HIGH,YES,4,MEDIUM,26,AF31 (Assured Forwarding 3-1),3,Weighted Fair Queuing (WFQ),25%,1000,500,< 3%
2026-04-15 14:10:00.852,FLOW-95827,192.168.0.69,218.212.15.30,18865,8080,TCP,578,3.586,224.78,web,129.92,1,medium,medium,medium,web,HTTP Alt,HIGH,YES,4,MEDIUM,26,AF31 (Assured Forwarding 3-1),3,Weighted Fair Queuing (WFQ),25%,1000,500,< 3%
2026-04-15 14:10:00.791,FLOW-14135,192.168.1.93,186.255.159.2,19453,80,TCP,1311,4.195,185.97,web,243.81,0,large,medium,medium,web,HTTP Web,HIGH,YES,4,MEDIUM,26,AF31 (Assured Forwarding 3-1),3,Weighted Fair Queuing (WFQ),25%,1000,500,< 3%
2026-04-15 14:10:00.357,FLOW-90828,192.168.0.182,194.133.9.225,9822,1935,UDP,1220,84.145,5217.39,multimedia,6365.22,1,large,high,long,multimedia,Heuristic: Large-packet high-rate UDP,MEDIUM,YES,2,HIGH,34,AF41 (Assured Forwarding 4-1),5,Weighted Fair Queuing (WFQ),30%,400,100,< 2%
2026-04-15 14:10:00.858,FLOW-83728,192.168.1.239,158.57.127.55,63533,554,UDP,1061,58.696,1240.95,multimedia,1316.65,0,large,high,long,multimedia,Video Streaming (RTSP),HIGH,YES,2,HIGH,34,AF41 (Assured Forwarding 4-1),5,Weighted Fair Queuing (WFQ),30%,400,100,< 2%
2026-04-15 14:10:00.855,FLOW-82301,192.168.1.50,23.102.207.164,52032,5005,UDP,1214,48.852,5008.79,multimedia,6080.67,1,large,high,long,multimedia,RTP Streams,HIGH,YES,2,HIGH,34,AF41 (Assured Forwarding 4-1),5,Weighted Fair Queuing (WFQ),30%,400,100,< 2%
2026-04-15 14:10:00.923,FLOW-90780,192.168.0.2,147.234.122.161,32070,443,TCP,279,0.659,196.08,web,54.71,0,small,medium,short,web,HTTPS Web,HIGH,YES,4,MEDIUM,26,AF31 (Assured Forwarding 3-1),3,Weighted Fair Queuing (WFQ),25%,1000,500,< 3%
2026-04-15 14:10:00.842,FLOW-65419,192.168.1.140,58.61.109.211,26651,8080,TCP,493,1.909,253.44,web,124.95,1,medium,medium,short,web,HTTP Alt,HIGH,YES,4,MEDIUM,26,AF31 (Assured Forwarding 3-1),3,Weighted Fair Queuing (WFQ),25%,1000,500,< 3%
2026-04-15 14:10:00.675,FLOW-39274,172.16.0.168,54.225.167.98,2783,21,TCP,1021,39.526,9742.22,file_transfer,9946.81,0,large,high,long,file_transfer,FTP Data/Control,HIGH,YES,5,LOW,10,AF11 (Assured Forwarding 1-1),2,Deficit Round Robin (DRR),15%,5000,2000,< 5%
2026-04-15 14:10:00.354,FLOW-84047,192.168.0.247,10.0.0.208,61791,68,ICMP,227,0.343,25.5,background,5.79,0,small,low,short,background,ICMP,HIGH,YES,6,BEST EFFORT,0,BE (Best Effort / Default),0,Best Effort (FIFO),5%,10000,5000,< 10%
2026-04-15 14:10:00.152,FLOW-94794,10.0.0.205,24.103.172.202,9480,22,TCP,1262,54.804,5099.82,file_transfer,6435.97,0,large,high,long,file_transfer,SSH/SCP,HIGH,YES,5,LOW,10,AF11 (Assured Forwarding 1-1),2,Deficit Round Robin (DRR),15%,5000,2000,< 5%
2026-04-15 14:10:00.692,FLOW-22292,10.0.0.206,43.190.181.83,34209,5060,UDP,138,89.902,114.77,voip,15.84,1,small,medium,long,voip,VoIP (SIP/RTP),HIGH,YES,1,CRITICAL,46,EF (Expedited Forwarding),6,Priority Queue (PQ),10%,150,30,< 1%
2026-04-15 14:10:00.844,FLOW-18857,192.168.1.61,142.107.214.87,11072,21,TCP,1120,26.847,5449.31,file_transfer,6103.23,0,large,high,medium,file_transfer,FTP Data/Control,HIGH,YES,5,LOW,10,AF11 (Assured Forwarding 1-1),2,Deficit Round Robin (DRR),15%,5000,2000,< 5%
2026-04-15 14:10:00.666,FLOW-66246,172.16.0.190,129.87.28.164,46718,5004,UDP,1486,88.042,3681.17,multimedia,5470.22,1,large,high,long,multimedia,RTP Streams,HIGH,YES,2,HIGH,34,AF41 (Assured Forwarding 4-1),5,Weighted Fair Queuing (WFQ),30%,400,100,< 2%
2026-04-15 14:10:00.879,FLOW-68589,172.16.0.126,214.209.133.219,9196,8080,TCP,507,4.493,280.87,web,142.4,1,medium,medium,medium,web,HTTP Alt,HIGH,YES,4,MEDIUM,26,AF31 (Assured Forwarding 3-1),3,Weighted Fair Queuing (WFQ),25%,1000,500,< 3%
2026-04-15 14:10:00.587,FLOW-66119,172.16.0.174,89.83.190.67,45822,3074,UDP,200,631.269,209.64,gaming,41.93,1,small,medium,long,gaming,Online Gaming,HIGH,YES,3,HIGH,40,CS5 (Class Selector 5),5,Weighted Fair Queuing (WFQ),15%,100,20,< 1%
2026-04-15 14:10:00.350,FLOW-56717,10.0.0.56,185.62.110.55,2798,5060,UDP,69,165.793,67.14,voip,4.63,1,small,low,long,voip,VoIP (SIP/RTP),HIGH,YES,1,CRITICAL,46,EF (Expedited Forwarding),6,Priority Queue (PQ),10%,150,30,< 1%
2026-04-15 14:10:00.978,FLOW-37031,192.168.1.172,18.238.12.209,41369,16385,UDP,211,155.238,121.98,voip,25.74,1,small,medium,long,voip,VoIP RTP Media,HIGH,YES,1,CRITICAL,46,EF (Expedited Forwarding),6,Priority Queue (PQ),10%,150,30,< 1%
2026-04-15 14:10:00.349,FLOW-19962,172.16.0.226,207.212.88.97,9154,5004,UDP,878,62.46,4503.63,multimedia,3954.19,1,medium,high,long,multimedia,RTP Streams,HIGH,YES,2,HIGH,34,AF41 (Assured Forwarding 4-1),5,Weighted Fair Queuing (WFQ),30%,400,100,< 2%
2026-04-15 14:10:00.537,FLOW-18534,10.0.0.52,106.190.124.72,40589,2049,TCP,1217,55.004,1553.19,file_transfer,1890.23,1,large,high,long,file_transfer,NFS,HIGH,YES,5,LOW,10,AF11 (Assured Forwarding 1-1),2,Deficit Round Robin (DRR),15%,5000,2000,< 5%
2026-04-15 14:10:00.153,FLOW-13779,192.168.1.6,195.30.108.243,20868,8080,TCP,282,3.266,104.15,web,29.37,1,small,medium,medium,web,HTTP Alt,HIGH,YES,4,MEDIUM,26,AF31 (Assured Forwarding 3-1),3,Weighted Fair Queuing (WFQ),25%,1000,500,< 3%
2026-04-15 14:10:00.766,FLOW-60256,10.0.0.1,216.6.42.101,59214,3074,UDP,115,2420.268,254.31,gaming,29.25,1,small,medium,long,gaming,Online Gaming,HIGH,YES,3,HIGH,40,CS5 (Class Selector 5),5,Weighted Fair Queuing (WFQ),15%,100,20,< 1%
2026-04-15 14:10:00.389,FLOW-61373,172.16.0.105,157.128.133.185,4600,8080,TCP,1348,1.302,435.6,web,587.19,1,large,medium,short,web,HTTP Alt,HIGH,YES,4,MEDIUM,26,AF31 (Assured Forwarding 3-1),3,Weighted Fair Queuing (WFQ),25%,1000,500,< 3%
2026-04-15 14:10:00.952,FLOW-72948,172.16.0.191,134.205.101.123,26388,443,TCP,472,3.062,182.25,web,86.02,0,medium,medium,medium,web,HTTPS Web,HIGH,YES,4,MEDIUM,26,AF31 (Assured Forwarding 3-1),3,Weighted Fair Queuing (WFQ),25%,1000,500,< 3%
2026-04-15 14:10:00.368,FLOW-96154,10.0.0.221,22.130.101.81,17307,80,TCP,1263,3.172,200.3,web,252.98,0,large,medium,medium,web,HTTP Web,HIGH,YES,4,MEDIUM,26,AF31 (Assured Forwarding 3-1),3,Weighted Fair Queuing (WFQ),25%,1000,500,< 3%
2026-04-15 14:10:00.441,FLOW-42750,192.168.0.27,20.133.52.246,23389,2049,TCP,1019,9.868,8769.63,file_transfer,8936.25,1,large,high,medium,file_transfer,NFS,HIGH,YES,5,LOW,10,AF11 (Assured Forwarding 1-1),2,Deficit Round Robin (DRR),15%,5000,2000,< 5%
2026-04-15 14:10:00.270,FLOW-16781,192.168.1.188,59.169.40.112,2647,2049,TCP,1318,24.711,8751.22,file_transfer,11534.11,1,large,high,medium,file_transfer,NFS,HIGH,YES,5,LOW,10,AF11 (Assured Forwarding 1-1),2,Deficit Round Robin (DRR),15%,5000,2000,< 5%
2026-04-15 14:10:00.384,FLOW-48331,10.0.0.224,220.28.62.137,20240,5061,UDP,76,73.252,108.24,voip,8.23,1,small,medium,long,voip,VoIP (SIP/RTP),HIGH,YES,1,CRITICAL,46,EF (Expedited Forwarding),6,Priority Queue (PQ),10%,150,30,< 1%
2026-04-15 14:10:00.908,FLOW-85511,10.0.0.96,96.109.173.148,51475,445,TCP,1471,14.399,4248.33,file_transfer,6249.29,0,large,high,medium,file_transfer,SMB File Share,HIGH,YES,5,LOW,10,AF11 (Assured Forwarding 1-1),2,Deficit Round Robin (DRR),15%,5000,2000,< 5%
2026-04-15 14:10:00.582,FLOW-57565,192.168.1.69,29.78.123.57,51954,80,TCP,1168,4.186,393.17,web,459.22,0,large,medium,medium,web,HTTP Web,HIGH,YES,4,MEDIUM,26,AF31 (Assured Forwarding 3-1),3,Weighted Fair Queuing (WFQ),25%,1000,500,< 3%
2026-04-15 14:10:00.667,FLOW-87719,172.16.0.215,10.0.0.1,43706,161,ICMP,116,0.078,20.34,background,2.36,0,small,low,short,background,ICMP,HIGH,YES,6,BEST EFFORT,0,BE (Best Effort / Default),0,Best Effort (FIFO),5%,10000,5000,< 10%
2026-04-15 14:10:00.283,FLOW-40466,192.168.1.23,142.93.34.76,15303,8080,TCP,1066,3.801,251.5,web,268.1,1,large,medium,medium,web,HTTP Alt,HIGH,YES,4,MEDIUM,26,AF31 (Assured Forwarding 3-1),3,Weighted Fair Queuing (WFQ),25%,1000,500,< 3%
2026-04-15 14:10:00.672,FLOW-91527,10.0.0.35,192.168.1.211,21935,161,UDP,150,0.226,35.65,background,5.35,0,small,low,short,background,SNMP,HIGH,YES,6,BEST EFFORT,0,BE (Best Effort / Default),0,Best Effort (FIFO),5%,10000,5000,< 10%
2026-04-15 14:10:00.956,FLOW-30869,192.168.1.247,65.78.170.16,52474,8080,TCP,778,2.995,426.99,web,332.2,1,medium,medium,medium,web,HTTP Alt,HIGH,YES,4,MEDIUM,26,AF31 (Assured Forwarding 3-1),3,Weighted Fair Queuing (WFQ),25%,1000,500,< 3%
2026-04-15 14:10:00.628,FLOW-21501,10.0.0.175,148.251.98.86,32432,21,TCP,1095,28.491,4615.85,file_transfer,5054.36,0,large,high,medium,file_transfer,FTP Data/Control,HIGH,YES,5,LOW,10,AF11 (Assured Forwarding 1-1),2,Deficit Round Robin (DRR),15%,5000,2000,< 5%
2026-04-15 14:10:00.124,FLOW-52697,172.16.0.2,116.160.69.191,7602,22,TCP,1144,43.839,1907.64,file_transfer,2182.34,0,large,high,long,file_transfer,SSH/SCP,HIGH,YES,5,LOW,10,AF11 (Assured Forwarding 1-1),2,Deficit Round Robin (DRR),15%,5000,2000,< 5%
2026-04-15 14:10:00.834,FLOW-34956,172.16.0.4,180.230.97.87,23157,5060,UDP,124,266.831,70.03,voip,8.68,1,small,low,long,voip,VoIP (SIP/RTP),HIGH,YES,1,CRITICAL,46,EF (Expedited Forwarding),6,Priority Queue (PQ),10%,150,30,< 1%
2026-04-15 14:10:00.491,FLOW-77552,192.168.0.59,4.5.82.201,62101,80,TCP,268,3.475,241.08,web,64.61,0,small,medium,medium,web,HTTP Web,HIGH,YES,4,MEDIUM,26,AF31 (Assured Forwarding 3-1),3,Weighted Fair Queuing (WFQ),25%,1000,500,< 3%
2026-04-15 14:10:00.205,FLOW-97732,172.16.0.88,94.192.179.177,23449,27015,UDP,60,1059.104,114.22,gaming,6.85,1,small,medium,long,gaming,Online Gaming (Steam/Other),HIGH,YES,3,HIGH,40,CS5 (Class Selector 5),5,Weighted Fair Queuing (WFQ),15%,100,20,< 1%
2026-04-15 14:10:00.251,FLOW-38086,192.168.1.123,189.120.18.178,42961,5005,UDP,1465,29.647,4081.21,multimedia,5978.97,1,large,high,medium,multimedia,RTP Streams,HIGH,YES,2,HIGH,34,AF41 (Assured Forwarding 4-1),5,Weighted Fair Queuing (WFQ),30%,400,100,< 2%
2026-04-15 14:10:00.265,FLOW-18898,10.0.0.95,115.239.172.44,2373,80,TCP,1212,2.301,470.8,web,570.61,0,large,medium,medium,web,HTTP Web,HIGH,YES,4,MEDIUM,26,AF31 (Assured Forwarding 3-1),3,Weighted Fair Queuing (WFQ),25%,1000,500,< 3%
2026-04-15 14:10:00.878,FLOW-71902,192.168.1.83,102.218.53.226,15488,8080,TCP,798,2.602,429.74,web,342.93,1,medium,medium,medium,web,HTTP Alt,HIGH,YES,4,MEDIUM,26,AF31 (Assured Forwarding 3-1),3,Weighted Fair Queuing (WFQ),25%,1000,500,< 3%
2026-04-15 14:10:00.212,FLOW-66269,172.16.0.189,41.136.125.91,59887,16385,UDP,186,130.662,83.07,voip,15.45,1,small,low,long,voip,VoIP RTP Media,HIGH,YES,1,CRITICAL,46,EF (Expedited Forwarding),6,Priority Queue (PQ),10%,150,30,< 1%
2026-04-15 14:10:00.756,FLOW-87742,172.16.0.87,148.205.36.4,11180,443,TCP,1113,2.122,60.08,web,66.87,0,large,low,medium,web,HTTPS Web,HIGH,YES,4,MEDIUM,26,AF31 (Assured Forwarding 3-1),3,Weighted Fair Queuing (WFQ),25%,1000,500,< 3%
2026-04-15 14:10:00.216,FLOW-27423,172.16.0.198,70.79.70.213,53686,1935,UDP,937,13.288,2520.56,multimedia,2361.76,1,large,high,medium,multimedia,Heuristic: Large-packet high-rate UDP,MEDIUM,YES,2,HIGH,34,AF41 (Assured Forwarding 4-1),5,Weighted Fair Queuing (WFQ),30%,400,100,< 2%
2026-04-15 14:10:00.585,FLOW-29259,192.168.0.157,92.60.186.97,63219,554,UDP,1362,69.168,6756.84,multimedia,9202.82,0,large,high,long,multimedia,Video Streaming (RTSP),HIGH,YES,2,HIGH,34,AF41 (Assured Forwarding 4-1),5,Weighted Fair Queuing (WFQ),30%,400,100,< 2%
2026-04-15 14:10:00.301,FLOW-53895,192.168.1.14,192.168.1.132,41340,161,UDP,168,0.113,17.87,background,3.0,0,small,low,short,background,SNMP,HIGH,YES,6,BEST EFFORT,0,BE (Best Effort / Default),0,Best Effort (FIFO),5%,10000,5000,< 10%
2026-04-15 14:10:00.648,FLOW-11909,192.168.1.181,165.50.14.114,59324,5004,UDP,933,20.874,5646.7,multimedia,5268.37,1,large,high,medium,multimedia,RTP Streams,HIGH,YES,2,HIGH,34,AF41 (Assured Forwarding 4-1),5,Weighted Fair Queuing (WFQ),30%,400,100,< 2%
2026-04-15 14:10:00.353,FLOW-92766,192.168.1.56,32.145.123.56,30877,80,TCP,819,0.633,229.58,web,188.03,0,medium,medium,short,web,HTTP Web,HIGH,YES,4,MEDIUM,26,AF31 (Assured Forwarding 3-1),3,Weighted Fair Queuing (WFQ),25%,1000,500,< 3%
2026-04-15 14:10:00.577,FLOW-64704,172.16.0.247,17.184.37.252,33132,80,TCP,965,2.218,355.25,web,342.82,0,large,medium,medium,web,HTTP Web,HIGH,YES,4,MEDIUM,26,AF31 (Assured Forwarding 3-1),3,Weighted Fair Queuing (WFQ),25%,1000,500,< 3%
2026-04-15 14:10:00.375,FLOW-14122,192.168.1.184,5.116.72.147,46502,2049,TCP,1182,27.452,9221.13,file_transfer,10899.38,1,large,high,medium,file_transfer,NFS,HIGH,YES,5,LOW,10,AF11 (Assured Forwarding 1-1),2,Deficit Round Robin (DRR),15%,5000,2000,< 5%
2026-04-15 14:10:00.749,FLOW-77492,192.168.1.62,28.172.206.127,60762,22,TCP,1114,7.727,8917.45,file_transfer,9934.04,0,large,high,medium,file_transfer,SSH/SCP,HIGH,YES,5,LOW,10,AF11 (Assured Forwarding 1-1),2,Deficit Round Robin (DRR),15%,5000,2000,< 5%
2026-04-15 14:10:00.922,FLOW-50015,192.168.0.100,197.225.65.197,17148,16384,UDP,151,101.489,123.88,voip,18.71,1,small,medium,long,voip,VoIP RTP Media,HIGH,YES,1,CRITICAL,46,EF (Expedited Forwarding),6,Priority Queue (PQ),10%,150,30,< 1%
2026-04-15 14:10:00.851,FLOW-71920,172.16.0.94,127.145.29.147,50666,5060,UDP,157,147.852,112.63,voip,17.68,1,small,medium,long,voip,VoIP (SIP/RTP),HIGH,YES,1,CRITICAL,46,EF (Expedited Forwarding),6,Priority Queue (PQ),10%,150,30,< 1%
2026-04-15 14:10:00.326,FLOW-91748,10.0.0.87,192.168.1.180,21683,53,ICMP,81,0.777,8.78,background,0.71,0,small,low,short,background,ICMP,HIGH,YES,6,BEST EFFORT,0,BE (Best Effort / Default),0,Best Effort (FIFO),5%,10000,5000,< 10%
2026-04-15 14:10:00.997,FLOW-88366,192.168.0.83,108.196.139.223,17604,5004,UDP,1164,114.979,4270.95,multimedia,4971.39,1,large,high,long,multimedia,RTP Streams,HIGH,YES,2,HIGH,34,AF41 (Assured Forwarding 4-1),5,Weighted Fair Queuing (WFQ),30%,400,100,< 2%
2026-04-15 14:10:00.810,FLOW-60287,10.0.0.233,36.3.149.122,5466,3074,UDP,104,2026.359,255.04,gaming,26.52,1,small,medium,long,gaming,Online Gaming,HIGH,YES,3,HIGH,40,CS5 (Class Selector 5),5,Weighted Fair Queuing (WFQ),15%,100,20,< 1%
2026-04-15 14:10:00.117,FLOW-84328,192.168.1.106,1.196.206.97,55781,443,TCP,681,0.928,228.7,web,155.74,0,medium,medium,short,web,HTTPS Web,HIGH,YES,4,MEDIUM,26,AF31 (Assured Forwarding 3-1),3,Weighted Fair Queuing (WFQ),25%,1000,500,< 3%
2026-04-15 14:10:00.686,FLOW-95294,192.168.0.242,172.16.0.164,25261,53,ICMP,110,0.971,36.33,background,4.0,0,small,low,short,background,ICMP,HIGH,YES,6,BEST EFFORT,0,BE (Best Effort / Default),0,Best Effort (FIFO),5%,10000,5000,< 10%
2026-04-15 14:10:00.137,FLOW-23918,192.168.0.195,41.89.67.233,60238,5060,UDP,212,66.917,67.9,voip,14.39,1,small,low,long,voip,VoIP (SIP/RTP),HIGH,YES,1,CRITICAL,46,EF (Expedited Forwarding),6,Priority Queue (PQ),10%,150,30,< 1%
2026-04-15 14:10:00.102,FLOW-84388,172.16.0.225,152.50.122.87,36614,554,UDP,981,20.088,4308.03,multimedia,4226.18,0,large,high,medium,multimedia,Video Streaming (RTSP),HIGH,YES,2,HIGH,34,AF41 (Assured Forwarding 4-1),5,Weighted Fair Queuing (WFQ),30%,400,100,< 2%
2026-04-15 14:10:00.590,FLOW-30330,172.16.0.134,38.52.45.206,52246,5060,UDP,131,117.231,79.94,voip,10.47,1,small,low,long,voip,VoIP (SIP/RTP),HIGH,YES,1,CRITICAL,46,EF (Expedited Forwarding),6,Priority Queue (PQ),10%,150,30,< 1%
2026-04-15 14:10:00.679,FLOW-94276,10.0.0.188,86.14.85.250,5427,5005,UDP,882,74.993,7319.92,multimedia,6456.17,1,medium,high,long,multimedia,RTP Streams,HIGH,YES,2,HIGH,34,AF41 (Assured Forwarding 4-1),5,Weighted Fair Queuing (WFQ),30%,400,100,< 2%
2026-04-15 14:10:00.299,FLOW-15462,192.168.0.186,192.168.0.209,12528,123,ICMP,221,0.559,10.48,background,2.32,0,small,low,short,background,ICMP,HIGH,YES,6,BEST EFFORT,0,BE (Best Effort / Default),0,Best Effort (FIFO),5%,10000,5000,< 10%
2026-04-15 14:10:00.182,FLOW-47516,192.168.0.66,111.202.118.247,26165,21,TCP,1168,38.153,5989.82,file_transfer,6996.11,0,large,high,long,file_transfer,FTP Data/Control,HIGH,YES,5,LOW,10,AF11 (Assured Forwarding 1-1),2,Deficit Round Robin (DRR),15%,5000,2000,< 5%
2026-04-15 14:10:00.282,FLOW-46401,10.0.0.137,150.17.186.163,47122,21,TCP,1066,10.753,6450.35,file_transfer,6876.07,0,large,high,medium,file_transfer,FTP Data/Control,HIGH,YES,5,LOW,10,AF11 (Assured Forwarding 1-1),2,Deficit Round Robin (DRR),15%,5000,2000,< 5%
2026-04-15 14:10:00.823,FLOW-25732,192.168.1.135,8.81.43.214,27036,5061,UDP,130,90.833,67.4,voip,8.76,1,small,low,long,voip,VoIP (SIP/RTP),HIGH,YES,1,CRITICAL,46,EF (Expedited Forwarding),6,Priority Queue (PQ),10%,150,30,< 1%
2026-04-15 14:10:00.500,FLOW-96321,10.0.0.154,192.168.0.54,46932,53,TCP,87,0.992,18.8,background,1.64,0,small,low,short,background,Default: Unclassified,LOW,YES,6,BEST EFFORT,0,BE (Best Effort / Default),0,Best Effort (FIFO),5%,10000,5000,< 10%
2026-04-15 14:10:00.994,FLOW-90878,172.16.0.62,150.168.110.34,55001,8080,TCP,755,2.45,217.66,web,164.33,1,medium,medium,medium,web,HTTP Alt,HIGH,YES,4,MEDIUM,26,AF31 (Assured Forwarding 3-1),3,Weighted Fair Queuing (WFQ),25%,1000,500,< 3%
2026-04-15 14:10:00.416,FLOW-60434,192.168.1.211,172.43.252.157,13188,1935,UDP,1289,60.408,4321.0,multimedia,5569.77,1,large,high,long,multimedia,Heuristic: Large-packet high-rate UDP,MEDIUM,YES,2,HIGH,34,AF41 (Assured Forwarding 4-1),5,Weighted Fair Queuing (WFQ),30%,400,100,< 2%
2026-04-15 14:10:00.396,FLOW-82486,192.168.1.7,14.1.151.28,54903,80,TCP,525,2.983,369.79,web,194.14,0,medium,medium,medium,web,HTTP Web,HIGH,YES,4,MEDIUM,26,AF31 (Assured Forwarding 3-1),3,Weighted Fair Queuing (WFQ),25%,1000,500,< 3%
2026-04-15 14:10:00.869,FLOW-54121,10.0.0.246,81.147.54.29,65211,5005,UDP,1251,71.802,3904.5,multimedia,4884.53,1,large,high,long,multimedia,RTP Streams,HIGH,YES,2,HIGH,34,AF41 (Assured Forwarding 4-1),5,Weighted Fair Queuing (WFQ),30%,400,100,< 2%
2026-04-15 14:10:00.882,FLOW-75421,10.0.0.51,192.168.1.82,32716,68,ICMP,287,0.502,37.47,background,10.75,0,small,low,short,background,ICMP,HIGH,YES,6,BEST EFFORT,0,BE (Best Effort / Default),0,Best Effort (FIFO),5%,10000,5000,< 10%
2026-04-15 14:10:00.723,FLOW-22740,192.168.0.81,121.16.25.190,50756,3074,UDP,499,3584.668,246.13,gaming,122.82,1,medium,medium,long,gaming,Online Gaming,HIGH,YES,3,HIGH,40,CS5 (Class Selector 5),5,Weighted Fair Queuing (WFQ),15%,100,20,< 1%
2026-04-15 14:10:00.536,FLOW-59378,192.168.0.66,151.196.19.131,17046,7777,UDP,152,2178.904,260.19,gaming,39.55,1,small,medium,long,background,Default: Unclassified,LOW,NO,6,BEST EFFORT,0,BE (Best Effort / Default),0,Best Effort (FIFO),5%,10000,5000,< 10%
2026-04-15 14:10:00.207,FLOW-29769,172.16.0.121,97.95.63.224,13857,1935,UDP,1129,25.039,2639.15,multimedia,2979.6,1,large,high,medium,multimedia,Heuristic: Large-packet high-rate UDP,MEDIUM,YES,2,HIGH,34,AF41 (Assured Forwarding 4-1),5,Weighted Fair Queuing (WFQ),30%,400,100,< 2%
2026-04-15 14:10:00.651,FLOW-93948,10.0.0.183,131.53.32.231,27770,2049,TCP,1038,31.01,8611.39,file_transfer,8938.62,1,large,high,long,file_transfer,NFS,HIGH,YES,5,LOW,10,AF11 (Assured Forwarding 1-1),2,Deficit Round Robin (DRR),15%,5000,2000,< 5%
2026-04-15 14:10:00.590,FLOW-98717,172.16.0.194,125.26.200.245,41063,80,TCP,536,3.567,182.51,web,97.83,0,medium,medium,medium,web,HTTP Web,HIGH,YES,4,MEDIUM,26,AF31 (Assured Forwarding 3-1),3,Weighted Fair Queuing (WFQ),25%,1000,500,< 3%
2026-04-15 14:10:00.398,FLOW-81500,10.0.0.83,82.247.188.124,24449,1935,UDP,1002,66.138,4837.32,multimedia,4846.99,1,large,high,long,multimedia,Heuristic: Large-packet high-rate UDP,MEDIUM,YES,2,HIGH,34,AF41 (Assured Forwarding 4-1),5,Weighted Fair Queuing (WFQ),30%,400,100,< 2%
2026-04-15 14:10:00.981,FLOW-51209,192.168.1.226,89.65.135.60,14228,80,TCP,410,4.347,73.77,web,30.25,0,medium,low,medium,web,HTTP Web,HIGH,YES,4,MEDIUM,26,AF31 (Assured Forwarding 3-1),3,Weighted Fair Queuing (WFQ),25%,1000,500,< 3%
2026-04-15 14:10:00.770,FLOW-37258,192.168.0.10,207.19.141.239,47050,554,UDP,1412,28.386,6186.06,multimedia,8734.72,0,large,high,medium,multimedia,Video Streaming (RTSP),HIGH,YES,2,HIGH,34,AF41 (Assured Forwarding 4-1),5,Weighted Fair Queuing (WFQ),30%,400,100,< 2%
2026-04-15 14:10:00.435,FLOW-89613,192.168.0.134,180.79.121.121,3318,5005,UDP,1449,78.511,5057.34,multimedia,7328.09,1,large,high,long,multimedia,RTP Streams,HIGH,YES,2,HIGH,34,AF41 (Assured Forwarding 4-1),5,Weighted Fair Queuing (WFQ),30%,400,100,< 2%
2026-04-15 14:10:00.745,FLOW-49476,172.16.0.107,172.16.0.92,35647,123,TCP,207,0.912,46.51,background,9.63,0,small,low,short,web,Heuristic: Moderate TCP short flow,LOW,NO,4,MEDIUM,26,AF31 (Assured Forwarding 3-1),3,Weighted Fair Queuing (WFQ),25%,1000,500,< 3%
2026-04-15 14:10:00.416,FLOW-57252,192.168.1.245,164.97.112.107,46539,5004,UDP,812,37.42,1636.45,multimedia,1328.8,1,medium,high,long,multimedia,RTP Streams,HIGH,YES,2,HIGH,34,AF41 (Assured Forwarding 4-1),5,Weighted Fair Queuing (WFQ),30%,400,100,< 2%
2026-04-15 14:10:00.593,FLOW-59813,192.168.1.206,64.181.214.21,9878,8080,TCP,665,1.284,444.36,web,295.5,1,medium,medium,short,web,HTTP Alt,HIGH,YES,4,MEDIUM,26,AF31 (Assured Forwarding 3-1),3,Weighted Fair Queuing (WFQ),25%,1000,500,< 3%
2026-04-15 14:10:00.298,FLOW-52299,192.168.0.54,186.43.18.139,8413,8080,TCP,803,2.097,383.19,web,307.7,1,medium,medium,medium,web,HTTP Alt,HIGH,YES,4,MEDIUM,26,AF31 (Assured Forwarding 3-1),3,Weighted Fair Queuing (WFQ),25%,1000,500,< 3%
2026-04-15 14:10:00.947,FLOW-98562,192.168.0.26,172.16.0.159,21095,53,UDP,225,0.176,24.09,background,5.42,0,small,low,short,background,DNS,HIGH,YES,6,BEST EFFORT,0,BE (Best Effort / Default),0,Best Effort (FIFO),5%,10000,5000,< 10%
2026-04-15 14:10:00.388,FLOW-33157,10.0.0.105,192.137.13.85,7458,5060,UDP,89,290.631,67.78,voip,6.03,1,small,low,long,voip,VoIP (SIP/RTP),HIGH,YES,1,CRITICAL,46,EF (Expedited Forwarding),6,Priority Queue (PQ),10%,150,30,< 1%
2026-04-15 14:10:00.335,FLOW-94503,192.168.0.204,192.168.0.157,24160,53,ICMP,96,0.084,41.64,background,4.0,0,small,low,short,background,ICMP,HIGH,YES,6,BEST EFFORT,0,BE (Best Effort / Default),0,Best Effort (FIFO),5%,10000,5000,< 10%
2026-04-15 14:10:00.831,FLOW-25802,172.16.0.223,173.67.65.213,35559,16385,UDP,107,252.532,104.46,voip,11.18,1,small,medium,long,voip,VoIP RTP Media,HIGH,YES,1,CRITICAL,46,EF (Expedited Forwarding),6,Priority Queue (PQ),10%,150,30,< 1%
2026-04-15 14:10:00.652,FLOW-20441,10.0.0.146,212.138.94.223,35086,21,TCP,1241,30.443,6250.94,file_transfer,7757.42,0,large,high,long,file_transfer,FTP Data/Control,HIGH,YES,5,LOW,10,AF11 (Assured Forwarding 1-1),2,Deficit Round Robin (DRR),15%,5000,2000,< 5%
2026-04-15 14:10:00.130,FLOW-63884,192.168.1.94,172.16.0.128,51942,53,ICMP,234,0.345,49.99,background,11.7,0,small,low,short,background,ICMP,HIGH,YES,6,BEST EFFORT,0,BE (Best Effort / Default),0,Best Effort (FIFO),5%,10000,5000,< 10%
2026-04-15 14:10:00.565,FLOW-94874,192.168.0.121,45.109.98.195,52773,554,UDP,1379,94.881,3822.36,multimedia,5271.03,0,large,high,long,multimedia,Video Streaming (RTSP),HIGH,YES,2,HIGH,34,AF41 (Assured Forwarding 4-1),5,Weighted Fair Queuing (WFQ),30%,400,100,< 2%
2026-04-15 14:10:00.151,FLOW-10160,172.16.0.101,57.152.19.215,37615,5004,UDP,945,10.162,5547.9,multimedia,5242.77,1,large,high,medium,multimedia,RTP Streams,HIGH,YES,2,HIGH,34,AF41 (Assured Forwarding 4-1),5,Weighted Fair Queuing (WFQ),30%,400,100,< 2%
2026-04-15 14:10:00.653,FLOW-62028,192.168.1.201,172.16.0.126,22052,67,ICMP,144,0.283,18.18,background,2.62,0,small,low,short,background,ICMP,HIGH,YES,6,BEST EFFORT,0,BE (Best Effort / Default),0,Best Effort (FIFO),5%,10000,5000,< 10%
2026-04-15 14:10:00.326,FLOW-85270,172.16.0.211,172.16.0.165,57166,53,ICMP,156,0.872,1.88,background,0.29,0,small,low,short,background,ICMP,HIGH,YES,6,BEST EFFORT,0,BE (Best Effort / Default),0,Best Effort (FIFO),5%,10000,5000,< 10%
2026-04-15 14:10:00.909,FLOW-24454,192.168.1.185,102.157.246.110,12623,5005,UDP,1193,34.456,1352.98,multimedia,1614.11,1,large,high,long,multimedia,RTP Streams,HIGH,YES,2,HIGH,34,AF41 (Assured Forwarding 4-1),5,Weighted Fair Queuing (WFQ),30%,400,100,< 2%
2026-04-15 14:10:00.271,FLOW-18612,172.16.0.23,34.193.253.65,1780,5005,UDP,1367,114.03,4613.18,multimedia,6306.22,1,large,high,long,multimedia,RTP Streams,HIGH,YES,2,HIGH,34,AF41 (Assured Forwarding 4-1),5,Weighted Fair Queuing (WFQ),30%,400,100,< 2%
2026-04-15 14:10:00.980,FLOW-91200,192.168.0.237,155.216.28.235,55698,80,TCP,707,3.486,103.89,web,73.45,0,medium,medium,medium,web,HTTP Web,HIGH,YES,4,MEDIUM,26,AF31 (Assured Forwarding 3-1),3,Weighted Fair Queuing (WFQ),25%,1000,500,< 3%
2026-04-15 14:10:00.196,FLOW-37194,192.168.1.5,139.5.40.183,51861,16384,UDP,74,174.513,77.24,voip,5.72,1,small,low,long,voip,VoIP RTP Media,HIGH,YES,1,CRITICAL,46,EF (Expedited Forwarding),6,Priority Queue (PQ),10%,150,30,< 1%
2026-04-15 14:10:00.112,FLOW-13552,192.168.1.29,137.67.138.107,38722,1935,UDP,1456,36.642,6941.03,multimedia,10106.14,1,large,high,long,multimedia,Heuristic: Large-packet high-rate UDP,MEDIUM,YES,2,HIGH,34,AF41 (Assured Forwarding 4-1),5,Weighted Fair Queuing (WFQ),30%,400,100,< 2%
2026-04-15 14:10:00.952,FLOW-15419,172.16.0.3,190.180.84.64,48703,554,UDP,1331,55.018,3055.49,multimedia,4066.86,0,large,high,long,multimedia,Video Streaming (RTSP),HIGH,YES,2,HIGH,34,AF41 (Assured Forwarding 4-1),5,Weighted Fair Queuing (WFQ),30%,400,100,< 2%
2026-04-15 14:10:00.832,FLOW-83592,172.16.0.37,30.20.145.51,17056,443,TCP,584,3.248,485.85,web,283.74,0,medium,medium,medium,web,HTTPS Web,HIGH,YES,4,MEDIUM,26,AF31 (Assured Forwarding 3-1),3,Weighted Fair Queuing (WFQ),25%,1000,500,< 3%
2026-04-15 14:10:00.543,FLOW-55378,10.0.0.90,22.197.134.32,33577,5004,UDP,847,31.883,1652.38,multimedia,1399.57,1,medium,high,long,multimedia,RTP Streams,HIGH,YES,2,HIGH,34,AF41 (Assured Forwarding 4-1),5,Weighted Fair Queuing (WFQ),30%,400,100,< 2%
2026-04-15 14:10:00.483,FLOW-23532,10.0.0.148,125.82.152.214,18029,1935,UDP,1079,14.544,3649.33,multimedia,3937.63,1,large,high,medium,multimedia,Heuristic: Large-packet high-rate UDP,MEDIUM,YES,2,HIGH,34,AF41 (Assured Forwarding 4-1),5,Weighted Fair Queuing (WFQ),30%,400,100,< 2%
2026-04-15 14:10:00.388,FLOW-85467,10.0.0.129,172.16.0.105,54393,161,UDP,172,0.911,23.1,background,3.97,0,small,low,short,background,SNMP,HIGH,YES,6,BEST EFFORT,0,BE (Best Effort / Default),0,Best Effort (FIFO),5%,10000,5000,< 10%
2026-04-15 14:10:00.970,FLOW-77643,192.168.0.242,4.56.180.164,47540,8080,TCP,527,3.556,114.15,web,60.16,1,medium,medium,medium,web,HTTP Alt,HIGH,YES,4,MEDIUM,26,AF31 (Assured Forwarding 3-1),3,Weighted Fair Queuing (WFQ),25%,1000,500,< 3%
2026-04-15 14:10:00.272,FLOW-45780,192.168.0.65,44.251.229.198,3141,443,TCP,810,2.95,388.54,web,314.72,0,medium,medium,medium,web,HTTPS Web,HIGH,YES,4,MEDIUM,26,AF31 (Assured Forwarding 3-1),3,Weighted Fair Queuing (WFQ),25%,1000,500,< 3%
2026-04-15 14:10:00.668,FLOW-49582,192.168.0.189,105.57.207.61,23503,8080,TCP,823,2.72,159.72,web,131.45,1,medium,medium,medium,web,HTTP Alt,HIGH,YES,4,MEDIUM,26,AF31 (Assured Forwarding 3-1),3,Weighted Fair Queuing (WFQ),25%,1000,500,< 3%
2026-04-15 14:10:00.752,FLOW-26698,172.16.0.98,96.21.103.188,61209,80,TCP,1361,2.968,169.92,web,231.26,0,large,medium,medium,web,HTTP Web,HIGH,YES,4,MEDIUM,26,AF31 (Assured Forwarding 3-1),3,Weighted Fair Queuing (WFQ),25%,1000,500,< 3%
2026-04-15 14:10:00.287,FLOW-71926,192.168.0.34,2.158.125.44,30329,80,TCP,843,2.735,422.53,web,356.19,0,medium,medium,medium,web,HTTP Web,HIGH,YES,4,MEDIUM,26,AF31 (Assured Forwarding 3-1),3,Weighted Fair Queuing (WFQ),25%,1000,500,< 3%
2026-04-15 14:10:00.561,FLOW-42192,192.168.1.68,14.181.81.145,59364,1935,UDP,963,70.929,5370.21,multimedia,5171.51,1,large,high,long,multimedia,Heuristic: Large-packet high-rate UDP,MEDIUM,YES,2,HIGH,34,AF41 (Assured Forwarding 4-1),5,Weighted Fair Queuing (WFQ),30%,400,100,< 2%
2026-04-15 14:10:00.397,FLOW-18641,192.168.0.238,192.168.0.97,56354,123,TCP,184,0.609,49.6,background,9.13,0,small,low,short,background,Default: Unclassified,LOW,YES,6,BEST EFFORT,0,BE (Best Effort / Default),0,Best Effort (FIFO),5%,10000,5000,< 10%
2026-04-15 14:10:00.363,FLOW-56468,192.168.0.8,112.82.45.97,23275,5004,UDP,1373,45.576,5561.71,multimedia,7636.23,1,large,high,long,multimedia,RTP Streams,HIGH,YES,2,HIGH,34,AF41 (Assured Forwarding 4-1),5,Weighted Fair Queuing (WFQ),30%,400,100,< 2%
2026-04-15 14:10:00.304,FLOW-86282,10.0.0.64,175.51.52.225,45812,16385,UDP,144,147.446,110.62,voip,15.93,1,small,medium,long,voip,VoIP RTP Media,HIGH,YES,1,CRITICAL,46,EF (Expedited Forwarding),6,Priority Queue (PQ),10%,150,30,< 1%
2026-04-15 14:10:00.338,FLOW-23120,172.16.0.9,10.0.0.244,30635,53,ICMP,217,0.076,18.38,background,3.99,0,small,low,short,background,ICMP,HIGH,YES,6,BEST EFFORT,0,BE (Best Effort / Default),0,Best Effort (FIFO),5%,10000,5000,< 10%
2026-04-15 14:10:00.553,FLOW-60082,192.168.1.65,157.34.123.193,45524,22,TCP,1273,12.61,4649.99,file_transfer,5919.44,0,large,high,medium,file_transfer,SSH/SCP,HIGH,YES,5,LOW,10,AF11 (Assured Forwarding 1-1),2,Deficit Round Robin (DRR),15%,5000,2000,< 5%
2026-04-15 14:10:00.536,FLOW-63153,192.168.0.182,186.137.107.90,1432,21,TCP,1010,26.938,9918.7,file_transfer,10017.89,0,large,high,medium,file_transfer,FTP Data/Control,HIGH,YES,5,LOW,10,AF11 (Assured Forwarding 1-1),2,Deficit Round Robin (DRR),15%,5000,2000,< 5%
2026-04-15 14:10:00.488,FLOW-70682,172.16.0.3,69.214.168.86,51155,443,TCP,368,3.082,417.58,web,153.67,0,medium,medium,medium,web,HTTPS Web,HIGH,YES,4,MEDIUM,26,AF31 (Assured Forwarding 3-1),3,Weighted Fair Queuing (WFQ),25%,1000,500,< 3%
2026-04-15 14:10:00.619,FLOW-71056,192.168.1.216,17.204.111.232,46064,554,UDP,1396,86.781,2382.73,multimedia,3326.29,0,large,high,long,multimedia,Video Streaming (RTSP),HIGH,YES,2,HIGH,34,AF41 (Assured Forwarding 4-1),5,Weighted Fair Queuing (WFQ),30%,400,100,< 2%
2026-04-15 14:10:00.295,FLOW-68209,192.168.0.156,79.248.17.162,32920,5005,UDP,931,39.024,2519.31,multimedia,2345.48,1,large,high,long,multimedia,RTP Streams,HIGH,YES,2,HIGH,34,AF41 (Assured Forwarding 4-1),5,Weighted Fair Queuing (WFQ),30%,400,100,< 2%
2026-04-15 14:10:00.256,FLOW-39723,10.0.0.76,59.234.228.120,15689,16384,UDP,192,112.568,107.36,voip,20.61,1,small,medium,long,voip,VoIP RTP Media,HIGH,YES,1,CRITICAL,46,EF (Expedited Forwarding),6,Priority Queue (PQ),10%,150,30,< 1%
2026-04-15 14:10:00.759,FLOW-96790,10.0.0.186,158.83.29.152,10021,554,UDP,1449,35.78,5712.82,multimedia,8277.88,0,large,high,long,multimedia,Video Streaming (RTSP),HIGH,YES,2,HIGH,34,AF41 (Assured Forwarding 4-1),5,Weighted Fair Queuing (WFQ),30%,400,100,< 2%
2026-04-15 14:10:00.427,FLOW-50393,10.0.0.92,186.171.73.2,9847,8080,TCP,443,4.693,356.9,web,158.11,1,medium,medium,medium,web,HTTP Alt,HIGH,YES,4,MEDIUM,26,AF31 (Assured Forwarding 3-1),3,Weighted Fair Queuing (WFQ),25%,1000,500,< 3%
2026-04-15 14:10:00.848,FLOW-94546,192.168.1.150,118.193.43.12,50663,443,TCP,905,1.738,421.29,web,381.27,0,large,medium,short,web,HTTPS Web,HIGH,YES,4,MEDIUM,26,AF31 (Assured Forwarding 3-1),3,Weighted Fair Queuing (WFQ),25%,1000,500,< 3%
2026-04-15 14:10:00.476,FLOW-20458,192.168.1.80,222.212.133.18,52567,554,UDP,1252,102.349,1592.31,multimedia,1993.57,0,large,high,long,multimedia,Video Streaming (RTSP),HIGH,YES,2,HIGH,34,AF41 (Assured Forwarding 4-1),5,Weighted Fair Queuing (WFQ),30%,400,100,< 2%
2026-04-15 14:10:00.102,FLOW-42598,10.0.0.111,172.16.0.159,37102,53,UDP,271,0.194,41.87,background,11.35,0,small,low,short,background,DNS,HIGH,YES,6,BEST EFFORT,0,BE (Best Effort / Default),0,Best Effort (FIFO),5%,10000,5000,< 10%
2026-04-15 14:10:00.254,FLOW-22696,172.16.0.214,119.30.70.64,56747,16385,UDP,199,136.279,109.67,voip,21.82,1,small,medium,long,voip,VoIP RTP Media,HIGH,YES,1,CRITICAL,46,EF (Expedited Forwarding),6,Priority Queue (PQ),10%,150,30,< 1%
2026-04-15 14:10:00.484,FLOW-39021,192.168.0.97,132.13.24.240,38322,1935,UDP,1278,68.578,5004.38,multimedia,6395.6,1,large,high,long,multimedia,Heuristic: Large-packet high-rate UDP,MEDIUM,YES,2,HIGH,34,AF41 (Assured Forwarding 4-1),5,Weighted Fair Queuing (WFQ),30%,400,100,< 2%
2026-04-15 14:10:00.817,FLOW-40409,10.0.0.232,35.149.144.97,15384,80,TCP,425,1.929,318.34,web,135.29,0,medium,medium,short,web,HTTP Web,HIGH,YES,4,MEDIUM,26,AF31 (Assured Forwarding 3-1),3,Weighted Fair Queuing (WFQ),25%,1000,500,< 3%
2026-04-15 14:10:00.496,FLOW-42544,192.168.1.110,95.211.60.3,52149,5005,UDP,1385,99.492,3266.25,multimedia,4523.76,1,large,high,long,multimedia,RTP Streams,HIGH,YES,2,HIGH,34,AF41 (Assured Forwarding 4-1),5,Weighted Fair Queuing (WFQ),30%,400,100,< 2%
2026-04-15 14:10:00.149,FLOW-48905,192.168.1.217,71.228.179.21,9778,22,TCP,1190,28.423,1179.42,file_transfer,1403.51,0,large,high,medium,file_transfer,SSH/SCP,HIGH,YES,5,LOW,10,AF11 (Assured Forwarding 1-1),2,Deficit Round Robin (DRR),15%,5000,2000,< 5%
2026-04-15 14:10:00.369,FLOW-57454,172.16.0.93,197.41.112.28,12620,16385,UDP,94,15.767,76.28,voip,7.17,1,small,low,medium,voip,VoIP RTP Media,HIGH,YES,1,CRITICAL,46,EF (Expedited Forwarding),6,Priority Queue (PQ),10%,150,30,< 1%
2026-04-15 14:10:00.901,FLOW-22398,172.16.0.235,10.0.0.129,12582,67,TCP,203,0.679,49.67,background,10.08,0,small,low,short,web,Heuristic: Moderate TCP short flow,LOW,NO,4,MEDIUM,26,AF31 (Assured Forwarding 3-1),3,Weighted Fair Queuing (WFQ),25%,1000,500,< 3%
2026-04-15 14:10:00.328,FLOW-88033,172.16.0.20,49.75.185.112,31026,5005,UDP,1376,73.169,834.01,multimedia,1147.6,1,large,medium,long,multimedia,RTP Streams,HIGH,YES,2,HIGH,34,AF41 (Assured Forwarding 4-1),5,Weighted Fair Queuing (WFQ),30%,400,100,< 2%
2026-04-15 14:10:00.372,FLOW-45603,192.168.0.195,192.168.0.175,35377,68,ICMP,276,0.714,46.84,background,12.93,0,small,low,short,background,ICMP,HIGH,YES,6,BEST EFFORT,0,BE (Best Effort / Default),0,Best Effort (FIFO),5%,10000,5000,< 10%
2026-04-15 14:10:00.902,FLOW-65086,10.0.0.252,140.214.97.222,32360,8080,TCP,408,3.619,65.65,web,26.79,1,medium,low,medium,web,HTTP Alt,HIGH,YES,4,MEDIUM,26,AF31 (Assured Forwarding 3-1),3,Weighted Fair Queuing (WFQ),25%,1000,500,< 3%
2026-04-15 14:10:00.391,FLOW-98461,192.168.0.40,30.187.200.1,20318,554,UDP,1261,63.649,6068.74,multimedia,7652.68,0,large,high,long,multimedia,Video Streaming (RTSP),HIGH,YES,2,HIGH,34,AF41 (Assured Forwarding 4-1),5,Weighted Fair Queuing (WFQ),30%,400,100,< 2%
2026-04-15 14:10:00.802,FLOW-87289,10.0.0.93,107.135.137.6,43536,5004,UDP,866,18.328,941.07,multimedia,814.97,1,medium,medium,medium,multimedia,RTP Streams,HIGH,YES,2,HIGH,34,AF41 (Assured Forwarding 4-1),5,Weighted Fair Queuing (WFQ),30%,400,100,< 2%
2026-04-15 14:10:00.987,FLOW-70130,10.0.0.140,19.103.87.56,39945,5061,UDP,75,208.448,83.67,voip,6.28,1,small,low,long,voip,VoIP (SIP/RTP),HIGH,YES,1,CRITICAL,46,EF (Expedited Forwarding),6,Priority Queue (PQ),10%,150,30,< 1%
2026-04-15 14:10:00.881,FLOW-55893,172.16.0.17,187.202.220.37,1592,80,TCP,1204,4.369,174.23,web,209.77,0,large,medium,medium,web,HTTP Web,HIGH,YES,4,MEDIUM,26,AF31 (Assured Forwarding 3-1),3,Weighted Fair Queuing (WFQ),25%,1000,500,< 3%
2026-04-15 14:10:00.411,FLOW-65874,192.168.0.103,117.64.18.36,21544,445,TCP,1368,51.126,1398.29,file_transfer,1912.86,0,large,high,long,file_transfer,SMB File Share,HIGH,YES,5,LOW,10,AF11 (Assured Forwarding 1-1),2,Deficit Round Robin (DRR),15%,5000,2000,< 5%
2026-04-15 14:10:00.726,FLOW-26454,192.168.0.118,113.69.206.62,63842,5060,UDP,149,289.523,65.27,voip,9.73,1,small,low,long,voip,VoIP (SIP/RTP),HIGH,YES,1,CRITICAL,46,EF (Expedited Forwarding),6,Priority Queue (PQ),10%,150,30,< 1%
2026-04-15 14:10:00.918,FLOW-33137,172.16.0.210,148.237.169.148,33697,8080,TCP,943,1.92,260.43,web,245.59,1,large,medium,short,web,HTTP Alt,HIGH,YES,4,MEDIUM,26,AF31 (Assured Forwarding 3-1),3,Weighted Fair Queuing (WFQ),25%,1000,500,< 3%
2026-04-15 14:10:00.470,FLOW-32955,172.16.0.162,212.28.19.185,20367,8080,TCP,667,1.597,72.44,web,48.32,1,medium,low,short,web,HTTP Alt,HIGH,YES,4,MEDIUM,26,AF31 (Assured Forwarding 3-1),3,Weighted Fair Queuing (WFQ),25%,1000,500,< 3%
2026-04-15 14:10:00.667,FLOW-88417,192.168.1.115,208.230.216.165,61825,5061,UDP,99,198.858,78.94,voip,7.82,1,small,low,long,voip,VoIP (SIP/RTP),HIGH,YES,1,CRITICAL,46,EF (Expedited Forwarding),6,Priority Queue (PQ),10%,150,30,< 1%
2026-04-15 14:10:00.471,FLOW-59223,10.0.0.114,192.168.0.41,9264,67,UDP,42,0.48,9.94,background,0.42,0,small,low,short,background,DHCP,HIGH,YES,6,BEST EFFORT,0,BE (Best Effort / Default),0,Best Effort (FIFO),5%,10000,5000,< 10%
2026-04-15 14:10:00.979,FLOW-78795,192.168.0.7,40.52.255.55,39790,443,TCP,877,3.006,260.2,web,228.2,0,medium,medium,medium,web,HTTPS Web,HIGH,YES,4,MEDIUM,26,AF31 (Assured Forwarding 3-1),3,Weighted Fair Queuing (WFQ),25%,1000,500,< 3%
2026-04-15 14:10:00.909,FLOW-36524,192.168.0.215,86.243.148.132,57613,80,TCP,419,0.656,476.29,web,199.57,0,medium,medium,short,web,HTTP Web,HIGH,YES,4,MEDIUM,26,AF31 (Assured Forwarding 3-1),3,Weighted Fair Queuing (WFQ),25%,1000,500,< 3%
2026-04-15 14:10:00.496,FLOW-73328,172.16.0.217,172.16.0.6,11635,68,TCP,199,0.811,21.86,background,4.35,0,small,low,short,background,Default: Unclassified,LOW,YES,6,BEST EFFORT,0,BE (Best Effort / Default),0,Best Effort (FIFO),5%,10000,5000,< 10%
2026-04-15 14:10:00.437,FLOW-47752,192.168.1.119,134.92.210.161,51715,443,TCP,1263,3.294,423.73,web,535.17,0,large,medium,medium,web,HTTPS Web,HIGH,YES,4,MEDIUM,26,AF31 (Assured Forwarding 3-1),3,Weighted Fair Queuing (WFQ),25%,1000,500,< 3%
2026-04-15 14:10:00.793,FLOW-63312,192.168.1.225,64.71.195.125,6445,8080,TCP,899,0.694,478.94,web,430.57,1,medium,medium,short,web,HTTP Alt,HIGH,YES,4,MEDIUM,26,AF31 (Assured Forwarding 3-1),3,Weighted Fair Queuing (WFQ),25%,1000,500,< 3%
2026-04-15 14:10:00.102,FLOW-12127,10.0.0.207,118.133.185.72,20586,5005,UDP,1279,99.958,5161.59,multimedia,6601.67,1,large,high,long,multimedia,RTP Streams,HIGH,YES,2,HIGH,34,AF41 (Assured Forwarding 4-1),5,Weighted Fair Queuing (WFQ),30%,400,100,< 2%
2026-04-15 14:10:00.662,FLOW-34526,192.168.0.89,213.213.54.198,53171,3478,UDP,171,1913.31,143.24,gaming,24.49,1,small,medium,long,voip,Heuristic: Small UDP long-lived,MEDIUM,NO,1,CRITICAL,46,EF (Expedited Forwarding),6,Priority Queue (PQ),10%,150,30,< 1%
2026-04-15 14:10:00.396,FLOW-46240,192.168.0.17,178.63.77.218,45991,443,TCP,1267,2.674,424.65,web,538.03,0,large,medium,medium,web,HTTPS Web,HIGH,YES,4,MEDIUM,26,AF31 (Assured Forwarding 3-1),3,Weighted Fair Queuing (WFQ),25%,1000,500,< 3%
2026-04-15 14:10:00.585,FLOW-65351,192.168.1.218,22.121.77.239,59162,22,TCP,1274,48.673,1997.72,file_transfer,2545.1,0,large,high,long,file_transfer,SSH/SCP,HIGH,YES,5,LOW,10,AF11 (Assured Forwarding 1-1),2,Deficit Round Robin (DRR),15%,5000,2000,< 5%
2026-04-15 14:10:00.932,FLOW-96937,172.16.0.204,163.150.244.93,50454,16385,UDP,80,232.377,71.59,voip,5.73,1,small,low,long,voip,VoIP RTP Media,HIGH,YES,1,CRITICAL,46,EF (Expedited Forwarding),6,Priority Queue (PQ),10%,150,30,< 1%
2026-04-15 14:10:00.213,FLOW-92246,192.168.0.207,42.91.249.61,46652,5005,UDP,1447,24.683,597.43,multimedia,864.48,1,large,medium,medium,multimedia,RTP Streams,HIGH,YES,2,HIGH,34,AF41 (Assured Forwarding 4-1),5,Weighted Fair Queuing (WFQ),30%,400,100,< 2%
2026-04-15 14:10:00.643,FLOW-56419,192.168.1.68,131.125.176.81,43046,5004,UDP,1255,71.784,2188.6,multimedia,2746.69,1,large,high,long,multimedia,RTP Streams,HIGH,YES,2,HIGH,34,AF41 (Assured Forwarding 4-1),5,Weighted Fair Queuing (WFQ),30%,400,100,< 2%
2026-04-15 14:10:00.411,FLOW-23330,10.0.0.229,192.168.1.250,4630,123,ICMP,40,0.081,22.51,background,0.9,0,small,low,short,background,ICMP,HIGH,YES,6,BEST EFFORT,0,BE (Best Effort / Default),0,Best Effort (FIFO),5%,10000,5000,< 10%
2026-04-15 14:10:00.629,FLOW-44031,192.168.0.27,63.107.199.11,32727,16385,UDP,178,16.846,93.41,voip,16.63,1,small,low,medium,voip,VoIP RTP Media,HIGH,YES,1,CRITICAL,46,EF (Expedited Forwarding),6,Priority Queue (PQ),10%,150,30,< 1%
2026-04-15 14:10:00.216,FLOW-15156,172.16.0.101,223.167.114.251,63608,3074,UDP,128,207.785,47.4,gaming,6.07,1,small,low,long,gaming,Online Gaming,HIGH,YES,3,HIGH,40,CS5 (Class Selector 5),5,Weighted Fair Queuing (WFQ),15%,100,20,< 1%
2026-04-15 14:10:00.442,FLOW-32675,192.168.1.134,41.53.209.194,53696,5004,UDP,1343,52.683,7786.78,multimedia,10457.65,1,large,high,long,multimedia,RTP Streams,HIGH,YES,2,HIGH,34,AF41 (Assured Forwarding 4-1),5,Weighted Fair Queuing (WFQ),30%,400,100,< 2%
2026-04-15 14:10:00.485,FLOW-69698,192.168.0.199,4.156.233.147,30876,443,TCP,1125,4.659,129.08,web,145.22,0,large,medium,medium,web,HTTPS Web,HIGH,YES,4,MEDIUM,26,AF31 (Assured Forwarding 3-1),3,Weighted Fair Queuing (WFQ),25%,1000,500,< 3%
2026-04-15 14:10:00.590,FLOW-44866,10.0.0.213,110.117.141.73,28359,554,UDP,1088,64.389,3997.52,multimedia,4349.3,0,large,high,long,multimedia,Video Streaming (RTSP),HIGH,YES,2,HIGH,34,AF41 (Assured Forwarding 4-1),5,Weighted Fair Queuing (WFQ),30%,400,100,< 2%
2026-04-15 14:10:00.463,FLOW-53959,172.16.0.234,164.109.213.115,43614,8080,TCP,1274,1.415,232.94,web,296.77,1,large,medium,short,web,HTTP Alt,HIGH,YES,4,MEDIUM,26,AF31 (Assured Forwarding 3-1),3,Weighted Fair Queuing (WFQ),25%,1000,500,< 3%
2026-04-15 14:10:00.429,FLOW-54699,172.16.0.124,219.197.7.186,41048,445,TCP,1456,11.527,1171.45,file_transfer,1705.63,0,large,high,medium,file_transfer,SMB File Share,HIGH,YES,5,LOW,10,AF11 (Assured Forwarding 1-1),2,Deficit Round Robin (DRR),15%,5000,2000,< 5%
2026-04-15 14:10:00.573,FLOW-64435,172.16.0.36,169.205.250.223,9282,5004,UDP,968,33.872,7548.23,multimedia,7306.69,1,large,high,long,multimedia,RTP Streams,HIGH,YES,2,HIGH,34,AF41 (Assured Forwarding 4-1),5,Weighted Fair Queuing (WFQ),30%,400,100,< 2%
2026-04-15 14:10:00.752,FLOW-10304,192.168.1.245,112.90.159.154,61532,5004,UDP,1437,50.647,7027.38,multimedia,10098.35,1,large,high,long,multimedia,RTP Streams,HIGH,YES,2,HIGH,34,AF41 (Assured Forwarding 4-1),5,Weighted Fair Queuing (WFQ),30%,400,100,< 2%
2026-04-15 14:10:00.370,FLOW-20157,192.168.0.161,109.120.111.13,48764,443,TCP,1367,1.971,195.2,web,266.84,0,large,medium,short,web,HTTPS Web,HIGH,YES,4,MEDIUM,26,AF31 (Assured Forwarding 3-1),3,Weighted Fair Queuing (WFQ),25%,1000,500,< 3%
2026-04-15 14:10:00.103,FLOW-76063,192.168.1.94,202.136.255.99,24922,1935,UDP,1088,103.932,7637.39,multimedia,8309.48,1,large,high,long,multimedia,Heuristic: Large-packet high-rate UDP,MEDIUM,YES,2,HIGH,34,AF41 (Assured Forwarding 4-1),5,Weighted Fair Queuing (WFQ),30%,400,100,< 2%
2026-04-15 14:10:00.453,FLOW-11220,172.16.0.168,154.170.178.111,38003,5005,UDP,883,116.86,1122.53,multimedia,991.19,1,medium,high,long,multimedia,RTP Streams,HIGH,YES,2,HIGH,34,AF41 (Assured Forwarding 4-1),5,Weighted Fair Queuing (WFQ),30%,400,100,< 2%
2026-04-15 14:10:00.660,FLOW-36491,192.168.0.12,45.251.100.193,42163,3074,UDP,208,1799.721,78.35,gaming,16.3,1,small,low,long,gaming,Online Gaming,HIGH,YES,3,HIGH,40,CS5 (Class Selector 5),5,Weighted Fair Queuing (WFQ),15%,100,20,< 1%
2026-04-15 14:10:00.107,FLOW-56423,192.168.1.235,163.157.188.228,19937,443,TCP,1339,2.677,173.12,web,231.81,0,large,medium,medium,web,HTTPS Web,HIGH,YES,4,MEDIUM,26,AF31 (Assured Forwarding 3-1),3,Weighted Fair Queuing (WFQ),25%,1000,500,< 3%
2026-04-15 14:10:00.321,FLOW-84594,192.168.1.101,43.16.236.83,40803,80,TCP,508,4.187,368.22,web,187.06,0,medium,medium,medium,web,HTTP Web,HIGH,YES,4,MEDIUM,26,AF31 (Assured Forwarding 3-1),3,Weighted Fair Queuing (WFQ),25%,1000,500,< 3%
2026-04-15 14:10:00.774,FLOW-22516,172.16.0.160,67.49.247.203,6153,5060,UDP,140,103.189,97.35,voip,13.63,1,small,low,long,voip,VoIP (SIP/RTP),HIGH,YES,1,CRITICAL,46,EF (Expedited Forwarding),6,Priority Queue (PQ),10%,150,30,< 1%
2026-04-15 14:10:00.101,FLOW-76769,192.168.0.47,147.25.62.64,11170,5061,UDP,74,22.656,89.01,voip,6.59,1,small,low,medium,voip,VoIP (SIP/RTP),HIGH,YES,1,CRITICAL,46,EF (Expedited Forwarding),6,Priority Queue (PQ),10%,150,30,< 1%
2026-04-15 14:10:00.978,FLOW-61847,172.16.0.129,11.65.53.28,32898,5060,UDP,197,197.749,81.46,voip,16.05,1,small,low,long,voip,VoIP (SIP/RTP),HIGH,YES,1,CRITICAL,46,EF (Expedited Forwarding),6,Priority Queue (PQ),10%,150,30,< 1%
2026-04-15 14:10:00.397,FLOW-60534,10.0.0.57,81.164.39.18,6869,22,TCP,1016,49.355,5878.98,file_transfer,5973.04,0,large,high,long,file_transfer,SSH/SCP,HIGH,YES,5,LOW,10,AF11 (Assured Forwarding 1-1),2,Deficit Round Robin (DRR),15%,5000,2000,< 5%
2026-04-15 14:10:00.672,FLOW-36030,192.168.1.248,41.16.197.170,24660,80,TCP,1121,1.489,120.5,web,135.08,0,large,medium,short,web,HTTP Web,HIGH,YES,4,MEDIUM,26,AF31 (Assured Forwarding 3-1),3,Weighted Fair Queuing (WFQ),25%,1000,500,< 3%
2026-04-15 14:10:00.913,FLOW-13474,192.168.1.59,36.152.123.77,45428,443,TCP,358,4.394,357.53,web,128.0,0,medium,medium,medium,web,HTTPS Web,HIGH,YES,4,MEDIUM,26,AF31 (Assured Forwarding 3-1),3,Weighted Fair Queuing (WFQ),25%,1000,500,< 3%
2026-04-15 14:10:00.555,FLOW-25338,172.16.0.90,79.44.50.23,10094,5005,UDP,1175,48.892,3940.72,multimedia,4630.35,1,large,high,long,multimedia,RTP Streams,HIGH,YES,2,HIGH,34,AF41 (Assured Forwarding 4-1),5,Weighted Fair Queuing (WFQ),30%,400,100,< 2%
2026-04-15 14:10:00.486,FLOW-48963,172.16.0.118,8.202.41.142,41479,443,TCP,496,1.986,498.33,web,247.17,0,medium,medium,short,web,HTTPS Web,HIGH,YES,4,MEDIUM,26,AF31 (Assured Forwarding 3-1),3,Weighted Fair Queuing (WFQ),25%,1000,500,< 3%
2026-04-15 14:10:00.708,FLOW-76505,10.0.0.254,188.136.212.147,51611,443,TCP,781,2.675,131.86,web,102.98,0,medium,medium,medium,web,HTTPS Web,HIGH,YES,4,MEDIUM,26,AF31 (Assured Forwarding 3-1),3,Weighted Fair Queuing (WFQ),25%,1000,500,< 3%
2026-04-15 14:10:00.592,FLOW-74305,192.168.1.133,200.181.248.222,27575,445,TCP,1453,51.766,7138.18,file_transfer,10371.78,0,large,high,long,file_transfer,SMB File Share,HIGH,YES,5,LOW,10,AF11 (Assured Forwarding 1-1),2,Deficit Round Robin (DRR),15%,5000,2000,< 5%
2026-04-15 14:10:00.150,FLOW-20777,172.16.0.109,108.134.110.158,36535,16385,UDP,68,277.11,111.96,voip,7.61,1,small,medium,long,voip,VoIP RTP Media,HIGH,YES,1,CRITICAL,46,EF (Expedited Forwarding),6,Priority Queue (PQ),10%,150,30,< 1%
2026-04-15 14:10:00.565,FLOW-49871,10.0.0.142,140.239.233.202,8887,5005,UDP,1067,87.367,618.68,multimedia,660.13,1,large,medium,long,multimedia,RTP Streams,HIGH,YES,2,HIGH,34,AF41 (Assured Forwarding 4-1),5,Weighted Fair Queuing (WFQ),30%,400,100,< 2%
2026-04-15 14:10:00.468,FLOW-41316,10.0.0.70,153.46.3.145,18158,80,TCP,364,2.439,71.11,web,25.88,0,medium,low,medium,web,HTTP Web,HIGH,YES,4,MEDIUM,26,AF31 (Assured Forwarding 3-1),3,Weighted Fair Queuing (WFQ),25%,1000,500,< 3%
2026-04-15 14:10:00.584,FLOW-81588,10.0.0.237,172.16.0.152,10038,53,TCP,85,0.516,24.68,background,2.1,0,small,low,short,background,Default: Unclassified,LOW,YES,6,BEST EFFORT,0,BE (Best Effort / Default),0,Best Effort (FIFO),5%,10000,5000,< 10%
2026-04-15 14:10:00.999,FLOW-63027,192.168.1.176,192.168.0.52,7622,123,ICMP,204,0.266,34.0,background,6.94,0,small,low,short,background,ICMP,HIGH,YES,6,BEST EFFORT,0,BE (Best Effort / Default),0,Best Effort (FIFO),5%,10000,5000,< 10%
2026-04-15 14:10:00.531,FLOW-97001,172.16.0.59,163.182.44.230,56334,80,TCP,604,2.192,181.68,web,109.73,0,medium,medium,medium,web,HTTP Web,HIGH,YES,4,MEDIUM,26,AF31 (Assured Forwarding 3-1),3,Weighted Fair Queuing (WFQ),25%,1000,500,< 3%
2026-04-15 14:10:00.210,FLOW-92716,10.0.0.95,116.48.176.247,44683,2049,TCP,1405,6.29,5941.95,file_transfer,8348.44,1,large,high,medium,file_transfer,NFS,HIGH,YES,5,LOW,10,AF11 (Assured Forwarding 1-1),2,Deficit Round Robin (DRR),15%,5000,2000,< 5%
2026-04-15 14:10:00.972,FLOW-12094,172.16.0.174,186.119.205.67,30950,5005,UDP,1460,99.781,4254.28,multimedia,6211.25,1,large,high,long,multimedia,RTP Streams,HIGH,YES,2,HIGH,34,AF41 (Assured Forwarding 4-1),5,Weighted Fair Queuing (WFQ),30%,400,100,< 2%
2026-04-15 14:10:00.256,FLOW-73440,10.0.0.12,5.73.8.23,55149,1935,UDP,1081,34.812,4913.98,multimedia,5312.01,1,large,high,long,multimedia,Heuristic: Large-packet high-rate UDP,MEDIUM,YES,2,HIGH,34,AF41 (Assured Forwarding 4-1),5,Weighted Fair Queuing (WFQ),30%,400,100,< 2%
2026-04-15 14:10:00.324,FLOW-48312,192.168.0.46,172.16.0.168,2024,67,TCP,50,0.314,35.47,background,1.77,0,small,low,short,background,Default: Unclassified,LOW,YES,6,BEST EFFORT,0,BE (Best Effort / Default),0,Best Effort (FIFO),5%,10000,5000,< 10%
2026-04-15 14:10:00.859,FLOW-99031,10.0.0.131,108.242.94.202,64679,3478,UDP,332,2613.078,234.09,gaming,77.72,1,medium,medium,long,background,Default: Unclassified,LOW,NO,6,BEST EFFORT,0,BE (Best Effort / Default),0,Best Effort (FIFO),5%,10000,5000,< 10%
2026-04-15 14:10:00.846,FLOW-17925,10.0.0.102,162.97.110.110,58464,5005,UDP,919,67.979,5201.67,multimedia,4780.33,1,large,high,long,multimedia,RTP Streams,HIGH,YES,2,HIGH,34,AF41 (Assured Forwarding 4-1),5,Weighted Fair Queuing (WFQ),30%,400,100,< 2%
2026-04-15 14:10:00.273,FLOW-77783,10.0.0.37,127.17.206.221,27255,5005,UDP,1331,93.035,5172.38,multimedia,6884.44,1,large,high,long,multimedia,RTP Streams,HIGH,YES,2,HIGH,34,AF41 (Assured Forwarding 4-1),5,Weighted Fair Queuing (WFQ),30%,400,100,< 2%
2026-04-15 14:10:00.916,FLOW-95633,172.16.0.170,204.63.131.159,1249,80,TCP,1340,3.794,259.36,web,347.54,0,large,medium,medium,web,HTTP Web,HIGH,YES,4,MEDIUM,26,AF31 (Assured Forwarding 3-1),3,Weighted Fair Queuing (WFQ),25%,1000,500,< 3%
2026-04-15 14:10:00.426,FLOW-59457,10.0.0.70,192.168.1.167,10814,68,TCP,141,0.454,42.12,background,5.94,0,small,low,short,background,Default: Unclassified,LOW,YES,6,BEST EFFORT,0,BE (Best Effort / Default),0,Best Effort (FIFO),5%,10000,5000,< 10%
2026-04-15 14:10:00.821,FLOW-74082,192.168.0.211,192.168.0.205,44489,161,UDP,142,0.052,27.07,background,3.84,0,small,low,short,background,SNMP,HIGH,YES,6,BEST EFFORT,0,BE (Best Effort / Default),0,Best Effort (FIFO),5%,10000,5000,< 10%
2026-04-15 14:10:00.245,FLOW-11556,172.16.0.160,148.180.91.165,23681,8080,TCP,1369,4.043,166.92,web,228.51,1,large,medium,medium,web,HTTP Alt,HIGH,YES,4,MEDIUM,26,AF31 (Assured Forwarding 3-1),3,Weighted Fair Queuing (WFQ),25%,1000,500,< 3%
2026-04-15 14:10:00.242,FLOW-47705,192.168.1.134,192.168.0.153,40032,161,ICMP,212,0.92,42.18,background,8.94,0,small,low,short,background,ICMP,HIGH,YES,6,BEST EFFORT,0,BE (Best Effort / Default),0,Best Effort (FIFO),5%,10000,5000,< 10%
2026-04-15 14:10:00.858,FLOW-53187,192.168.0.179,192.168.0.56,51680,68,UDP,262,0.084,25.68,background,6.73,0,small,low,short,background,DHCP,HIGH,YES,6,BEST EFFORT,0,BE (Best Effort / Default),0,Best Effort (FIFO),5%,10000,5000,< 10%
2026-04-15 14:10:00.712,FLOW-52551,192.168.1.41,197.62.186.60,32283,5060,UDP,201,147.111,101.26,voip,20.35,1,small,medium,long,voip,VoIP (SIP/RTP),HIGH,YES,1,CRITICAL,46,EF (Expedited Forwarding),6,Priority Queue (PQ),10%,150,30,< 1%
2026-04-15 14:10:00.905,FLOW-50286,10.0.0.132,27.63.37.224,55945,21,TCP,1070,38.267,4611.45,file_transfer,4934.25,0,large,high,long,file_transfer,FTP Data/Control,HIGH,YES,5,LOW,10,AF11 (Assured Forwarding 1-1),2,Deficit Round Robin (DRR),15%,5000,2000,< 5%
2026-04-15 14:10:00.350,FLOW-37944,10.0.0.127,182.195.180.176,36632,445,TCP,1007,40.543,5186.83,file_transfer,5223.14,0,large,high,long,file_transfer,SMB File Share,HIGH,YES,5,LOW,10,AF11 (Assured Forwarding 1-1),2,Deficit Round Robin (DRR),15%,5000,2000,< 5%
2026-04-15 14:10:00.618,FLOW-42115,192.168.1.6,172.16.0.145,1447,161,ICMP,68,0.034,3.09,background,0.21,0,small,low,short,background,ICMP,HIGH,YES,6,BEST EFFORT,0,BE (Best Effort / Default),0,Best Effort (FIFO),5%,10000,5000,< 10%
2026-04-15 14:10:00.988,FLOW-28904,192.168.0.187,72.253.232.49,38027,554,UDP,1225,110.019,4766.16,multimedia,5838.55,0,large,high,long,multimedia,Video Streaming (RTSP),HIGH,YES,2,HIGH,34,AF41 (Assured Forwarding 4-1),5,Weighted Fair Queuing (WFQ),30%,400,100,< 2%
2026-04-15 14:10:00.975,FLOW-47783,192.168.1.137,93.30.217.59,54474,443,TCP,742,3.034,375.29,web,278.47,0,medium,medium,medium,web,HTTPS Web,HIGH,YES,4,MEDIUM,26,AF31 (Assured Forwarding 3-1),3,Weighted Fair Queuing (WFQ),25%,1000,500,< 3%
2026-04-15 14:10:00.853,FLOW-64076,172.16.0.249,202.103.29.93,13858,5005,UDP,1489,85.156,4575.28,multimedia,6812.59,1,large,high,long,multimedia,RTP Streams,HIGH,YES,2,HIGH,34,AF41 (Assured Forwarding 4-1),5,Weighted Fair Queuing (WFQ),30%,400,100,< 2%
2026-04-15 14:10:00.823,FLOW-31373,10.0.0.240,59.31.201.200,5404,1935,UDP,958,95.081,6083.0,multimedia,5827.51,1,large,high,long,multimedia,Heuristic: Large-packet high-rate UDP,MEDIUM,YES,2,HIGH,34,AF41 (Assured Forwarding 4-1),5,Weighted Fair Queuing (WFQ),30%,400,100,< 2%
2026-04-15 14:10:00.971,FLOW-68931,192.168.0.13,133.0.10.81,42439,7777,UDP,422,889.34,170.66,gaming,72.02,1,medium,medium,long,background,Default: Unclassified,LOW,NO,6,BEST EFFORT,0,BE (Best Effort / Default),0,Best Effort (FIFO),5%,10000,5000,< 10%
2026-04-15 14:10:00.651,FLOW-28128,10.0.0.25,59.90.205.28,44989,443,TCP,408,4.792,377.49,web,154.02,0,medium,medium,medium,web,HTTPS Web,HIGH,YES,4,MEDIUM,26,AF31 (Assured Forwarding 3-1),3,Weighted Fair Queuing (WFQ),25%,1000,500,< 3%
2026-04-15 14:10:00.465,FLOW-94694,172.16.0.250,192.168.0.162,42873,123,TCP,212,0.278,9.62,background,2.04,0,small,low,short,web,Heuristic: Moderate TCP short flow,LOW,NO,4,MEDIUM,26,AF31 (Assured Forwarding 3-1),3,Weighted Fair Queuing (WFQ),25%,1000,500,< 3%
2026-04-15 14:10:00.958,FLOW-56747,172.16.0.100,114.198.45.74,64264,1935,UDP,1309,55.791,7489.91,multimedia,9804.29,1,large,high,long,multimedia,Heuristic: Large-packet high-rate UDP,MEDIUM,YES,2,HIGH,34,AF41 (Assured Forwarding 4-1),5,Weighted Fair Queuing (WFQ),30%,400,100,< 2%
2026-04-15 14:10:00.585,FLOW-50812,10.0.0.11,196.52.216.228,20174,5004,UDP,888,96.037,4254.6,multimedia,3778.08,1,medium,high,long,multimedia,RTP Streams,HIGH,YES,2,HIGH,34,AF41 (Assured Forwarding 4-1),5,Weighted Fair Queuing (WFQ),30%,400,100,< 2%
2026-04-15 14:10:00.858,FLOW-69733,172.16.0.104,153.5.95.168,9574,27015,UDP,314,3236.733,114.59,gaming,35.98,1,medium,medium,long,gaming,Online Gaming (Steam/Other),HIGH,YES,3,HIGH,40,CS5 (Class Selector 5),5,Weighted Fair Queuing (WFQ),15%,100,20,< 1%
2026-04-15 14:10:00.675,FLOW-65173,10.0.0.6,129.207.160.173,27385,21,TCP,1328,41.82,5232.94,file_transfer,6949.34,0,large,high,long,file_transfer,FTP Data/Control,HIGH,YES,5,LOW,10,AF11 (Assured Forwarding 1-1),2,Deficit Round Robin (DRR),15%,5000,2000,< 5%
2026-04-15 14:10:00.477,FLOW-10361,172.16.0.174,217.5.24.156,31695,2049,TCP,1298,19.606,5732.23,file_transfer,7440.43,1,large,high,medium,file_transfer,NFS,HIGH,YES,5,LOW,10,AF11 (Assured Forwarding 1-1),2,Deficit Round Robin (DRR),15%,5000,2000,< 5%
2026-04-15 14:10:00.497,FLOW-39721,172.16.0.208,178.60.45.238,55211,2049,TCP,1039,37.531,9795.78,file_transfer,10177.82,1,large,high,long,file_transfer,NFS,HIGH,YES,5,LOW,10,AF11 (Assured Forwarding 1-1),2,Deficit Round Robin (DRR),15%,5000,2000,< 5%
2026-04-15 14:10:00.577,FLOW-44409,172.16.0.130,41.140.10.165,38048,8080,TCP,301,2.441,218.65,web,65.81,1,medium,medium,medium,web,HTTP Alt,HIGH,YES,4,MEDIUM,26,AF31 (Assured Forwarding 3-1),3,Weighted Fair Queuing (WFQ),25%,1000,500,< 3%
2026-04-15 14:10:00.273,FLOW-17150,192.168.1.45,89.193.169.46,22515,445,TCP,1243,11.318,2120.06,file_transfer,2635.23,0,large,high,medium,file_transfer,SMB File Share,HIGH,YES,5,LOW,10,AF11 (Assured Forwarding 1-1),2,Deficit Round Robin (DRR),15%,5000,2000,< 5%
2026-04-15 14:10:00.953,FLOW-40444,192.168.1.181,30.71.41.40,29980,80,TCP,1386,0.888,264.21,web,366.2,0,large,medium,short,web,HTTP Web,HIGH,YES,4,MEDIUM,26,AF31 (Assured Forwarding 3-1),3,Weighted Fair Queuing (WFQ),25%,1000,500,< 3%
2026-04-15 14:10:00.315,FLOW-55836,192.168.0.39,201.20.75.3,52059,443,TCP,1055,4.848,373.01,web,393.53,0,large,medium,medium,web,HTTPS Web,HIGH,YES,4,MEDIUM,26,AF31 (Assured Forwarding 3-1),3,Weighted Fair Queuing (WFQ),25%,1000,500,< 3%
2026-04-15 14:10:00.660,FLOW-71614,10.0.0.25,89.169.78.111,36038,80,TCP,975,2.152,308.17,web,300.47,0,large,medium,medium,web,HTTP Web,HIGH,YES,4,MEDIUM,26,AF31 (Assured Forwarding 3-1),3,Weighted Fair Queuing (WFQ),25%,1000,500,< 3%
2026-04-15 14:10:00.889,FLOW-43391,192.168.1.239,195.31.139.94,3759,443,TCP,776,2.678,252.79,web,196.17,0,medium,medium,medium,web,HTTPS Web,HIGH,YES,4,MEDIUM,26,AF31 (Assured Forwarding 3-1),3,Weighted Fair Queuing (WFQ),25%,1000,500,< 3%
2026-04-15 14:10:00.493,FLOW-35377,172.16.0.15,96.144.113.55,4602,445,TCP,1161,27.144,6568.5,file_transfer,7626.03,0,large,high,medium,file_transfer,SMB File Share,HIGH,YES,5,LOW,10,AF11 (Assured Forwarding 1-1),2,Deficit Round Robin (DRR),15%,5000,2000,< 5%
2026-04-15 14:10:00.119,FLOW-35162,192.168.1.119,216.10.66.137,23853,1935,UDP,1301,97.242,7399.33,multimedia,9626.53,1,large,high,long,multimedia,Heuristic: Large-packet high-rate UDP,MEDIUM,YES,2,HIGH,34,AF41 (Assured Forwarding 4-1),5,Weighted Fair Queuing (WFQ),30%,400,100,< 2%
2026-04-15 14:10:00.724,FLOW-25388,172.16.0.26,76.39.85.131,30223,445,TCP,1378,51.062,4240.68,file_transfer,5843.66,0,large,high,long,file_transfer,SMB File Share,HIGH,YES,5,LOW,10,AF11 (Assured Forwarding 1-1),2,Deficit Round Robin (DRR),15%,5000,2000,< 5%
2026-04-15 14:10:00.701,FLOW-39227,10.0.0.249,217.26.157.33,17327,2049,TCP,1499,9.726,4638.85,file_transfer,6953.64,1,large,high,medium,file_transfer,NFS,HIGH,YES,5,LOW,10,AF11 (Assured Forwarding 1-1),2,Deficit Round Robin (DRR),15%,5000,2000,< 5%
2026-04-15 14:10:00.103,FLOW-42798,172.16.0.229,88.98.248.184,19863,21,TCP,1454,51.878,7897.59,file_transfer,11483.1,0,large,high,long,file_transfer,FTP Data/Control,HIGH,YES,5,LOW,10,AF11 (Assured Forwarding 1-1),2,Deficit Round Robin (DRR),15%,5000,2000,< 5%
2026-04-15 14:10:00.699,FLOW-40640,10.0.0.81,192.168.0.23,58187,67,UDP,98,0.089,45.33,background,4.44,0,small,low,short,background,DHCP,HIGH,YES,6,BEST EFFORT,0,BE (Best Effort / Default),0,Best Effort (FIFO),5%,10000,5000,< 10%
2026-04-15 14:10:00.664,FLOW-29838,172.16.0.27,120.37.253.83,52370,5004,UDP,1436,88.287,5337.43,multimedia,7664.55,1,large,high,long,multimedia,RTP Streams,HIGH,YES,2,HIGH,34,AF41 (Assured Forwarding 4-1),5,Weighted Fair Queuing (WFQ),30%,400,100,< 2%
2026-04-15 14:10:00.653,FLOW-29047,192.168.0.241,185.8.100.170,39939,21,TCP,1020,43.196,9604.14,file_transfer,9796.22,0,large,high,long,file_transfer,FTP Data/Control,HIGH,YES,5,LOW,10,AF11 (Assured Forwarding 1-1),2,Deficit Round Robin (DRR),15%,5000,2000,< 5%
2026-04-15 14:10:00.463,FLOW-84230,192.168.1.210,66.112.241.63,43789,16384,UDP,104,272.761,96.54,voip,10.04,1,small,low,long,voip,VoIP RTP Media,HIGH,YES,1,CRITICAL,46,EF (Expedited Forwarding),6,Priority Queue (PQ),10%,150,30,< 1%
2026-04-15 14:10:00.587,FLOW-47416,172.16.0.134,10.0.0.20,56653,161,TCP,250,0.41,42.64,background,10.66,0,small,low,short,web,Heuristic: Moderate TCP short flow,LOW,NO,4,MEDIUM,26,AF31 (Assured Forwarding 3-1),3,Weighted Fair Queuing (WFQ),25%,1000,500,< 3%
2026-04-15 14:10:00.578,FLOW-26125,192.168.0.141,49.44.74.76,21663,554,UDP,1146,57.297,4119.7,multimedia,4721.18,0,large,high,long,multimedia,Video Streaming (RTSP),HIGH,YES,2,HIGH,34,AF41 (Assured Forwarding 4-1),5,Weighted Fair Queuing (WFQ),30%,400,100,< 2%
2026-04-15 14:10:00.445,FLOW-72402,192.168.0.212,173.244.177.48,56191,5004,UDP,891,20.688,798.17,multimedia,711.17,1,medium,medium,medium,multimedia,RTP Streams,HIGH,YES,2,HIGH,34,AF41 (Assured Forwarding 4-1),5,Weighted Fair Queuing (WFQ),30%,400,100,< 2%
2026-04-15 14:10:00.989,FLOW-74182,172.16.0.7,192.83.95.242,59665,5004,UDP,899,47.403,6550.15,multimedia,5888.58,1,medium,high,long,multimedia,RTP Streams,HIGH,YES,2,HIGH,34,AF41 (Assured Forwarding 4-1),5,Weighted Fair Queuing (WFQ),30%,400,100,< 2%
2026-04-15 14:10:00.288,FLOW-38501,10.0.0.50,71.106.21.1,26201,8080,TCP,294,4.855,294.94,web,86.71,1,small,medium,medium,web,HTTP Alt,HIGH,YES,4,MEDIUM,26,AF31 (Assured Forwarding 3-1),3,Weighted Fair Queuing (WFQ),25%,1000,500,< 3%
2026-04-15 14:10:00.495,FLOW-34956,192.168.1.136,16.206.0.59,11228,80,TCP,731,0.607,312.59,web,228.5,0,medium,medium,short,web,HTTP Web,HIGH,YES,4,MEDIUM,26,AF31 (Assured Forwarding 3-1),3,Weighted Fair Queuing (WFQ),25%,1000,500,< 3%
2026-04-15 14:10:00.381,FLOW-72520,192.168.0.183,101.20.44.220,23757,2049,TCP,1056,33.618,5419.58,file_transfer,5723.08,1,large,high,long,file_transfer,NFS,HIGH,YES,5,LOW,10,AF11 (Assured Forwarding 1-1),2,Deficit Round Robin (DRR),15%,5000,2000,< 5%
2026-04-15 14:10:00.213,FLOW-57002,192.168.1.88,10.0.0.205,9733,161,UDP,43,0.122,10.75,background,0.46,0,small,low,short,background,SNMP,HIGH,YES,6,BEST EFFORT,0,BE (Best Effort / Default),0,Best Effort (FIFO),5%,10000,5000,< 10%
2026-04-15 14:10:00.346,FLOW-57060,172.16.0.212,85.87.24.199,24284,443,TCP,1218,4.398,489.97,web,596.78,0,large,medium,medium,web,HTTPS Web,HIGH,YES,4,MEDIUM,26,AF31 (Assured Forwarding 3-1),3,Weighted Fair Queuing (WFQ),25%,1000,500,< 3%
2026-04-15 14:10:00.662,FLOW-97257,10.0.0.222,98.216.5.31,47644,554,UDP,1322,88.187,1272.53,multimedia,1682.28,0,large,high,long,multimedia,Video Streaming (RTSP),HIGH,YES,2,HIGH,34,AF41 (Assured Forwarding 4-1),5,Weighted Fair Queuing (WFQ),30%,400,100,< 2%
2026-04-15 14:10:00.148,FLOW-16933,192.168.1.158,92.208.186.123,38598,554,UDP,1402,103.139,2131.38,multimedia,2988.19,0,large,high,long,multimedia,Video Streaming (RTSP),HIGH,YES,2,HIGH,34,AF41 (Assured Forwarding 4-1),5,Weighted Fair Queuing (WFQ),30%,400,100,< 2%
2026-04-15 14:10:00.783,FLOW-51840,192.168.1.137,17.24.131.109,42439,554,UDP,1160,96.957,3125.0,multimedia,3625.0,0,large,high,long,multimedia,Video Streaming (RTSP),HIGH,YES,2,HIGH,34,AF41 (Assured Forwarding 4-1),5,Weighted Fair Queuing (WFQ),30%,400,100,< 2%
2026-04-15 14:10:00.819,FLOW-73149,172.16.0.14,10.0.0.132,6908,67,UDP,202,0.452,7.46,background,1.51,0,small,low,short,background,DHCP,HIGH,YES,6,BEST EFFORT,0,BE (Best Effort / Default),0,Best Effort (FIFO),5%,10000,5000,< 10%
2026-04-15 14:10:00.381,FLOW-58215,192.168.0.84,61.119.215.214,62289,2049,TCP,1208,15.854,3013.88,file_transfer,3640.77,1,large,high,medium,file_transfer,NFS,HIGH,YES,5,LOW,10,AF11 (Assured Forwarding 1-1),2,Deficit Round Robin (DRR),15%,5000,2000,< 5%
2026-04-15 14:10:00.559,FLOW-80334,10.0.0.158,12.13.195.230,18743,443,TCP,823,1.814,435.01,web,358.01,0,medium,medium,short,web,HTTPS Web,HIGH,YES,4,MEDIUM,26,AF31 (Assured Forwarding 3-1),3,Weighted Fair Queuing (WFQ),25%,1000,500,< 3%
2026-04-15 14:10:00.106,FLOW-19797,192.168.0.232,212.37.136.12,52998,3074,UDP,225,1494.982,166.76,gaming,37.52,1,small,medium,long,gaming,Online Gaming,HIGH,YES,3,HIGH,40,CS5 (Class Selector 5),5,Weighted Fair Queuing (WFQ),15%,100,20,< 1%
2026-04-15 14:10:00.942,FLOW-33297,192.168.1.82,13.12.182.55,57540,5005,UDP,1307,70.831,7040.78,multimedia,9202.3,1,large,high,long,multimedia,RTP Streams,HIGH,YES,2,HIGH,34,AF41 (Assured Forwarding 4-1),5,Weighted Fair Queuing (WFQ),30%,400,100,< 2%
2026-04-15 14:10:00.975,FLOW-13380,192.168.1.214,182.192.40.123,44584,5004,UDP,1267,87.198,4391.45,multimedia,5563.97,1,large,high,long,multimedia,RTP Streams,HIGH,YES,2,HIGH,34,AF41 (Assured Forwarding 4-1),5,Weighted Fair Queuing (WFQ),30%,400,100,< 2%
2026-04-15 14:10:00.193,FLOW-34065,10.0.0.6,201.17.12.198,49089,443,TCP,1363,4.636,170.4,web,232.26,0,large,medium,medium,web,HTTPS Web,HIGH,YES,4,MEDIUM,26,AF31 (Assured Forwarding 3-1),3,Weighted Fair Queuing (WFQ),25%,1000,500,< 3%
2026-04-15 14:10:00.458,FLOW-33881,192.168.1.160,172.16.0.235,14890,161,TCP,112,0.949,33.84,background,3.79,0,small,low,short,background,Default: Unclassified,LOW,YES,6,BEST EFFORT,0,BE (Best Effort / Default),0,Best Effort (FIFO),5%,10000,5000,< 10%
2026-04-15 14:10:00.885,FLOW-37856,172.16.0.110,123.45.36.17,58258,8080,TCP,886,4.96,247.26,web,219.07,1,medium,medium,medium,web,HTTP Alt,HIGH,YES,4,MEDIUM,26,AF31 (Assured Forwarding 3-1),3,Weighted Fair Queuing (WFQ),25%,1000,500,< 3%
2026-04-15 14:10:00.518,FLOW-70849,192.168.0.133,24.95.210.2,14145,443,TCP,1118,3.426,495.2,web,553.63,0,large,medium,medium,web,HTTPS Web,HIGH,YES,4,MEDIUM,26,AF31 (Assured Forwarding 3-1),3,Weighted Fair Queuing (WFQ),25%,1000,500,< 3%
2026-04-15 14:10:00.374,FLOW-86932,172.16.0.71,92.238.161.106,56580,1935,UDP,1015,21.618,526.22,multimedia,534.11,1,large,medium,medium,multimedia,Heuristic: Large-packet high-rate UDP,MEDIUM,YES,2,HIGH,34,AF41 (Assured Forwarding 4-1),5,Weighted Fair Queuing (WFQ),30%,400,100,< 2%
2026-04-15 14:10:00.407,FLOW-60780,172.16.0.200,114.139.70.231,44420,80,TCP,1079,3.954,407.39,web,439.57,0,large,medium,medium,web,HTTP Web,HIGH,YES,4,MEDIUM,26,AF31 (Assured Forwarding 3-1),3,Weighted Fair Queuing (WFQ),25%,1000,500,< 3%
2026-04-15 14:10:00.878,FLOW-23868,192.168.1.2,175.22.192.206,33473,443,TCP,1341,2.592,163.65,web,219.45,0,large,medium,medium,web,HTTPS Web,HIGH,YES,4,MEDIUM,26,AF31 (Assured Forwarding 3-1),3,Weighted Fair Queuing (WFQ),25%,1000,500,< 3%
2026-04-15 14:10:00.922,FLOW-76447,192.168.1.237,212.232.58.129,14927,1935,UDP,1319,117.417,3188.42,multimedia,4205.53,1,large,high,long,multimedia,Heuristic: Large-packet high-rate UDP,MEDIUM,YES,2,HIGH,34,AF41 (Assured Forwarding 4-1),5,Weighted Fair Queuing (WFQ),30%,400,100,< 2%
2026-04-15 14:10:00.848,FLOW-86457,172.16.0.95,94.136.204.109,6367,8080,TCP,1354,4.118,455.96,web,617.37,1,large,medium,medium,web,HTTP Alt,HIGH,YES,4,MEDIUM,26,AF31 (Assured Forwarding 3-1),3,Weighted Fair Queuing (WFQ),25%,1000,500,< 3%
2026-04-15 14:10:00.560,FLOW-94393,172.16.0.156,203.12.156.249,34853,443,TCP,863,3.289,272.36,web,235.05,0,medium,medium,medium,web,HTTPS Web,HIGH,YES,4,MEDIUM,26,AF31 (Assured Forwarding 3-1),3,Weighted Fair Queuing (WFQ),25%,1000,500,< 3%
2026-04-15 14:10:00.764,FLOW-65707,192.168.0.16,192.168.0.213,5101,67,UDP,269,0.368,31.33,background,8.43,0,small,low,short,background,DHCP,HIGH,YES,6,BEST EFFORT,0,BE (Best Effort / Default),0,Best Effort (FIFO),5%,10000,5000,< 10%
2026-04-15 14:10:00.984,FLOW-61894,10.0.0.109,192.168.1.181,46945,161,UDP,287,0.81,34.38,background,9.87,0,small,low,short,background,SNMP,HIGH,YES,6,BEST EFFORT,0,BE (Best Effort / Default),0,Best Effort (FIFO),5%,10000,5000,< 10%
2026-04-15 14:10:00.708,FLOW-87671,172.16.0.246,200.168.6.103,30515,1935,UDP,804,109.241,6129.79,multimedia,4928.35,1,medium,high,long,multimedia,Heuristic: Large-packet high-rate UDP,MEDIUM,YES,2,HIGH,34,AF41 (Assured Forwarding 4-1),5,Weighted Fair Queuing (WFQ),30%,400,100,< 2%
2026-04-15 14:10:00.198,FLOW-51513,10.0.0.119,161.138.24.100,47374,445,TCP,1006,31.411,3417.52,file_transfer,3438.03,0,large,high,long,file_transfer,SMB File Share,HIGH,YES,5,LOW,10,AF11 (Assured Forwarding 1-1),2,Deficit Round Robin (DRR),15%,5000,2000,< 5%
2026-04-15 14:10:00.378,FLOW-42504,192.168.1.126,51.30.246.221,38058,5005,UDP,1038,94.864,3797.8,multimedia,3942.12,1,large,high,long,multimedia,RTP Streams,HIGH,YES,2,HIGH,34,AF41 (Assured Forwarding 4-1),5,Weighted Fair Queuing (WFQ),30%,400,100,< 2%
2026-04-15 14:10:00.395,FLOW-24363,192.168.1.61,2.190.96.163,62886,80,TCP,878,3.054,487.09,web,427.67,0,medium,medium,medium,web,HTTP Web,HIGH,YES,4,MEDIUM,26,AF31 (Assured Forwarding 3-1),3,Weighted Fair Queuing (WFQ),25%,1000,500,< 3%
2026-04-15 14:10:00.620,FLOW-30426,172.16.0.138,178.231.172.100,46054,8080,TCP,868,4.887,471.19,web,408.99,1,medium,medium,medium,web,HTTP Alt,HIGH,YES,4,MEDIUM,26,AF31 (Assured Forwarding 3-1),3,Weighted Fair Queuing (WFQ),25%,1000,500,< 3%
2026-04-15 14:10:00.235,FLOW-30827,172.16.0.51,192.168.1.128,62108,68,UDP,51,0.748,25.76,background,1.31,0,small,low,short,background,DHCP,HIGH,YES,6,BEST EFFORT,0,BE (Best Effort / Default),0,Best Effort (FIFO),5%,10000,5000,< 10%
2026-04-15 14:10:00.475,FLOW-98407,192.168.1.206,137.245.47.67,31156,5061,UDP,200,110.047,79.58,voip,15.92,1,small,low,long,voip,VoIP (SIP/RTP),HIGH,YES,1,CRITICAL,46,EF (Expedited Forwarding),6,Priority Queue (PQ),10%,150,30,< 1%
2026-04-15 14:10:00.532,FLOW-30352,192.168.0.168,120.168.231.43,60565,5060,UDP,139,223.945,102.53,voip,14.25,1,small,medium,long,voip,VoIP (SIP/RTP),HIGH,YES,1,CRITICAL,46,EF (Expedited Forwarding),6,Priority Queue (PQ),10%,150,30,< 1%
2026-04-15 14:10:00.778,FLOW-31214,172.16.0.99,142.102.128.26,31162,443,TCP,678,1.834,438.77,web,297.49,0,medium,medium,short,web,HTTPS Web,HIGH,YES,4,MEDIUM,26,AF31 (Assured Forwarding 3-1),3,Weighted Fair Queuing (WFQ),25%,1000,500,< 3%
2026-04-15 14:10:00.738,FLOW-73675,172.16.0.210,166.113.152.111,36305,2049,TCP,1309,57.474,2032.01,file_transfer,2659.9,1,large,high,long,file_transfer,NFS,HIGH,YES,5,LOW,10,AF11 (Assured Forwarding 1-1),2,Deficit Round Robin (DRR),15%,5000,2000,< 5%
2026-04-15 14:10:00.100,FLOW-81187,192.168.0.153,200.125.100.171,12030,8080,TCP,707,1.231,400.61,web,283.23,1,medium,medium,short,web,HTTP Alt,HIGH,YES,4,MEDIUM,26,AF31 (Assured Forwarding 3-1),3,Weighted Fair Queuing (WFQ),25%,1000,500,< 3%
2026-04-15 14:10:00.345,FLOW-35268,172.16.0.47,83.229.141.20,8785,5061,UDP,185,192.842,80.64,voip,14.92,1,small,low,long,voip,VoIP (SIP/RTP),HIGH,YES,1,CRITICAL,46,EF (Expedited Forwarding),6,Priority Queue (PQ),10%,150,30,< 1%
2026-04-15 14:10:00.445,FLOW-23579,192.168.0.113,66.16.122.168,26206,1935,UDP,1100,100.388,1552.45,multimedia,1707.69,1,large,high,long,multimedia,Heuristic: Large-packet high-rate UDP,MEDIUM,YES,2,HIGH,34,AF41 (Assured Forwarding 4-1),5,Weighted Fair Queuing (WFQ),30%,400,100,< 2%
2026-04-15 14:10:00.233,FLOW-25293,10.0.0.168,211.128.132.23,28839,8080,TCP,901,4.623,473.78,web,426.88,1,large,medium,medium,web,HTTP Alt,HIGH,YES,4,MEDIUM,26,AF31 (Assured Forwarding 3-1),3,Weighted Fair Queuing (WFQ),25%,1000,500,< 3%
2026-04-15 14:10:00.830,FLOW-30189,10.0.0.110,36.3.200.78,11796,80,TCP,715,1.141,394.38,web,281.98,0,medium,medium,short,web,HTTP Web,HIGH,YES,4,MEDIUM,26,AF31 (Assured Forwarding 3-1),3,Weighted Fair Queuing (WFQ),25%,1000,500,< 3%
2026-04-15 14:10:00.127,FLOW-43114,172.16.0.33,120.75.12.158,60668,1935,UDP,1460,78.418,7031.73,multimedia,10266.33,1,large,high,long,multimedia,Heuristic: Large-packet high-rate UDP,MEDIUM,YES,2,HIGH,34,AF41 (Assured Forwarding 4-1),5,Weighted Fair Queuing (WFQ),30%,400,100,< 2%
2026-04-15 14:10:00.579,FLOW-22291,172.16.0.21,201.213.235.42,37044,5004,UDP,1011,41.283,5791.07,multimedia,5854.77,1,large,high,long,multimedia,RTP Streams,HIGH,YES,2,HIGH,34,AF41 (Assured Forwarding 4-1),5,Weighted Fair Queuing (WFQ),30%,400,100,< 2%
2026-04-15 14:10:00.821,FLOW-78259,172.16.0.54,73.78.110.157,36215,22,TCP,1285,27.2,2380.59,file_transfer,3059.06,0,large,high,medium,file_transfer,SSH/SCP,HIGH,YES,5,LOW,10,AF11 (Assured Forwarding 1-1),2,Deficit Round Robin (DRR),15%,5000,2000,< 5%
2026-04-15 14:10:00.205,FLOW-84700,172.16.0.20,106.101.229.48,51431,21,TCP,1105,29.801,7104.19,file_transfer,7850.13,0,large,high,medium,file_transfer,FTP Data/Control,HIGH,YES,5,LOW,10,AF11 (Assured Forwarding 1-1),2,Deficit Round Robin (DRR),15%,5000,2000,< 5%
2026-04-15 14:10:00.569,FLOW-44608,192.168.1.171,16.123.245.51,56392,22,TCP,1400,34.049,3125.83,file_transfer,4376.16,0,large,high,long,file_transfer,SSH/SCP,HIGH,YES,5,LOW,10,AF11 (Assured Forwarding 1-1),2,Deficit Round Robin (DRR),15%,5000,2000,< 5%
2026-04-15 14:10:00.105,FLOW-56944,172.16.0.138,107.176.246.138,51630,554,UDP,1275,103.412,2142.73,multimedia,2731.98,0,large,high,long,multimedia,Video Streaming (RTSP),HIGH,YES,2,HIGH,34,AF41 (Assured Forwarding 4-1),5,Weighted Fair Queuing (WFQ),30%,400,100,< 2%
2026-04-15 14:10:00.114,FLOW-16319,192.168.1.218,10.0.0.173,9957,161,ICMP,160,0.687,18.07,background,2.89,0,small,low,short,background,ICMP,HIGH,YES,6,BEST EFFORT,0,BE (Best Effort / Default),0,Best Effort (FIFO),5%,10000,5000,< 10%
2026-04-15 14:10:00.412,FLOW-67067,172.16.0.22,172.16.0.250,45627,123,UDP,298,0.181,6.52,background,1.94,0,small,low,short,background,NTP,HIGH,YES,6,BEST EFFORT,0,BE (Best Effort / Default),0,Best Effort (FIFO),5%,10000,5000,< 10%
2026-04-15 14:10:00.544,FLOW-85713,192.168.1.240,73.253.38.122,8470,16384,UDP,102,259.201,117.06,voip,11.94,1,small,medium,long,voip,VoIP RTP Media,HIGH,YES,1,CRITICAL,46,EF (Expedited Forwarding),6,Priority Queue (PQ),10%,150,30,< 1%
2026-04-15 14:10:00.619,FLOW-55463,192.168.0.94,172.16.0.211,10904,53,UDP,294,0.637,43.67,background,12.84,0,small,low,short,background,DNS,HIGH,YES,6,BEST EFFORT,0,BE (Best Effort / Default),0,Best Effort (FIFO),5%,10000,5000,< 10%
2026-04-15 14:10:00.835,FLOW-30356,192.168.0.212,172.16.0.45,3712,53,ICMP,292,0.339,22.74,background,6.64,0,small,low,short,background,ICMP,HIGH,YES,6,BEST EFFORT,0,BE (Best Effort / Default),0,Best Effort (FIFO),5%,10000,5000,< 10%
2026-04-15 14:10:00.981,FLOW-99580,192.168.1.132,198.136.156.71,43959,445,TCP,1435,47.996,7938.82,file_transfer,11392.21,0,large,high,long,file_transfer,SMB File Share,HIGH,YES,5,LOW,10,AF11 (Assured Forwarding 1-1),2,Deficit Round Robin (DRR),15%,5000,2000,< 5%
2026-04-15 14:10:00.868,FLOW-87050,192.168.1.118,28.20.22.250,62200,8080,TCP,394,1.971,137.65,web,54.23,1,medium,medium,short,web,HTTP Alt,HIGH,YES,4,MEDIUM,26,AF31 (Assured Forwarding 3-1),3,Weighted Fair Queuing (WFQ),25%,1000,500,< 3%
2026-04-15 14:10:00.205,FLOW-60146,192.168.0.37,192.168.1.5,18943,68,ICMP,173,0.663,1.44,background,0.25,0,small,low,short,background,ICMP,HIGH,YES,6,BEST EFFORT,0,BE (Best Effort / Default),0,Best Effort (FIFO),5%,10000,5000,< 10%
